"File","Bytes","SHA256"
".appveyor.yml","254","B28AF8C14EED7DC28B1E7F645BC0AEFB08107AAB895541CDE545E196BF8D6AF0"
".github/dependabot.yml","115","6AC1CD6A95F6C29606C39047E7A4E766FA14159CF819B9D2FBB19A89214BA3D3"
".github/workflows/build.yml","3783","860D7CDEE3710FDC541FA800F7A48AF2369FA221EDC4465085649FF301C35D62"
".github/workflows/publish.yml","2132","B3A401AA8F39E9BA7B1B2C0DCC2D2C7379906738E1CC164F2ECD538A24E5824D"
".gitignore","1444","5E1C374A023CD25B1AADBE9E31E1C59B3D36D5C1B5251975B023F06775F7B082"
".gitlab-ci.yml","48","7C96983243FD2EE2AC968745C67E11B7A8C6993BE3AF8ECCB55DBAE166764A49"
".vscode/launch.json","1830","57650A57507BFF4D7293B1B33EC98233CA6F18DCD33816473732E66DE7E2CFBF"
".vscode/tasks.json","2790","0F2BD1CB0F80F592BB5106BB5E4F1C06CB207990ADED7467ED1CAF6DF54971C0"
"_clang-format","1941","B63BA7887E0CA8E3971D5411D78711A914584A24C07BD2DF7741E15B8E0DCA4E"
"AUTHORS.md","923","510CC94FF81B8EF0F06BFDE4891D1B121D0033BF2F887965866126E32E6F6863"
"CMakeLists.txt","9219","0F15296DB028F5BCDEEA89F93C7A21014505A153007C8BB0F576456E2EFAE556"
"Common.mak","28634","D403B79708AEC3A228BF48AD4E2DF76B9A40F3E4218E214330456EC813B75F6C"
"dn64widescreen.pk3","72404","EAF53E35F2436D463BDE2A2E0A72B17ACB246C8D94BDEEFAD65B0E6E53D23334"
"extras/eduke32-nblood-git-merging.txt","1013","D4EA11B0AADE5EDDAD6407AB0369462497858583ECDCC239F9CB1E3743940D16"
"GNUmakefile","32304","B2EB2DEC0614A3BF49021B0478CFDE4377A0231F6F33BF5CE8A58D20B25FB0E6"
"libretro/audio.cpp","4268","B98A440C328C6F59BC237E62272C8A3E137EDBE735A31DF634A2AD760ED64FBB"
"libretro/bridge.h","540","CC21ACD3940EC9F951F9B6334C80D1419BA278AE7107B7783919B6C5594A4617"
"libretro/core.cpp","20559","6829135876ED1A7A451C286B697CC0C1492D7266CC19C9ABAA0B33C22B1C9E73"
"libretro/game_adapter.cpp","11924","1CCCE42C04D65E9BAE1B3EA13FDD3E47557EFD9303D73E1E0C0C856BF8E2C6E1"
"libretro/game_adapter.h","658","FCDD7CB70943AB537BB28DE3E370AC40B9DFBF4408FC2331B954D1D37BF28AD6"
"libretro/game_sources.mk","9911","C5FB6878180C9072532E120C457575FB16D7004090975793156D08BD058CB691"
"libretro/info/eduke32_libretro.info","724","9C830CB940166BF57F8DD1906C1126955C427A8BCE86A0B250021DD3D917DB88"
"libretro/info/ekenbuild_libretro.info","724","E7DF3F08311F0B2F1FA821C0F391D7F3A0DC6249267CA199B48F37FA73F3804E"
"libretro/info/etekwar_libretro.info","716","8CAF5AE85726F17EF2AEA783C2EC7B647A6D6E666996B853B917ECE57AA5D1FF"
"libretro/info/ewitchaven_libretro.info","728","BBFEF08F3D2CBD00CB23956436B39EBF3D50FD825AC6788747E73B519DC0C6B8"
"libretro/info/nam_libretro.info","706","265E8B3CF3811EBC429C452F68F9C0482EC326B7E86DAB3872887E2B28283D9A"
"libretro/info/napalm_libretro.info","715","EA288FF7B6A6241FC104E95782237AE0AFDD9AECEA4B2D5CC7D613A984D019D0"
"libretro/info/nblood_libretro.info","713","DA4A3E2CAA72F1A69BD882F489591140373802FC52510A2E84B1165246944C24"
"libretro/info/pcexhumed_libretro.info","736","E43994F73F6B2E0B1AC05E159F3190576CEB6CAC2B60ECA6839BCF6F78434C9C"
"libretro/info/rednukem_libretro.info","728","9D6FF50DF094BFDAD30E9122343CA8A9E272BE75FBB13807598C9516B35DDC2A"
"libretro/info/rrra_libretro.info","721","CF07EF62EBAC720ED14899618FDDF3BDF801E0590ECD5BB21A829E68116E1F0A"
"libretro/info/voidsw_libretro.info","722","8DB3E529D663617BCE50BEDA271B75746371E257C7DB405A1F8BB91D6AE38ECE"
"libretro/info/ww2gi_libretro.info","722","2CF34A522FB1A58A7841CCD7D9A4B316D8690CC02970246C917A4DDE33A60A96"
"libretro/libretro.h","327773","C928D8F176B4E4BC45EE2A41EF236D25CC19E9BC2ABC2E2E4C32CF08D6423801"
"libretro/package.ps1","2024","04BB455B5E05E1BD1503783BAF821524A2E61C3BA728B10DE49B2A1007CDAC15"
"libretro/package-source.ps1","2692","942368F7F098D85254505AF7FA0500A17DFDD98E77F468FE17B6CD0F60A631BA"
"libretro/platform.cpp","6937","A5D99444CAC8671A041E382FB27280C38D12FDF1F0ADF5D6589962D32DB694BE"
"libretro/platform.h","395","70D230A40D0AA80FAE8E11D0EF67ECAF3BB71ACC106C36F1872F98432E638864"
"libretro/README.md","8368","991C692038F4EE56F282B9D1AED3B8B4B004A481318A885E93461CD7FF5BF0E1"
"libretro/SOURCE-PACKAGE.md","1454","4990C011D870023095472F5A0FBE8D4F0C217B52129DA6601A23C2616652C2BB"
"libretro/TESTING.md","4882","77FC69E28C3CAFF5A8B65FE03E409F266B51B902CA6ABF395DDF3C327AE4DC7B"
"libretro/tests/smoke.cpp","13913","CBCD9E81979F52E037E145A231F3604CDD40599BF00AEC07E49DCD7BA1D5F07E"
"libretro/tests/state.h","155","15CF48D1B1B250CCA078715E6CD9C14C6E2CF5379D7D761B335596CED00A4457"
"libretro/UPSTREAM.md","2711","E512E1298D8B9ED5AB0278484A089A117B905E414A984240BFAC8B73137D1C8C"
"libretro/upstream-integration.patch","37657","6AB9966CC37F070920E52CEA1517C795E4BBFD9CD56772E9ED846EC2D0A48DAA"
"Makefile.libretro","5654","152BFC779F5D4C6FB85F8226DCB93C1343A189B6D0E32098C6201528484C226D"
"nblood.pk3","80842","521B47AEFCCFA59E369BDAD0E58BC0A29AB9A5A841B8CA227481C38B60415C07"
"package/common/buildlic.txt","3087","54856EF1E01F294F2AEF48C2E094DECEAC489E9533BE55F1C946DA8A44808519"
"package/common/gamecontrollerdb.txt","556541","C70CBC8BE2ACC164681E18D4CD57886254C8FD4B029B8B920C97676C40CFD0D6"
"package/common/gpl-2.0.txt","18092","8177F97513213526DF2CF6184D8FF986C675AFB514D4E68A404010521B880643"
"package/sdk/m32help.hlp","15992","68513FCC33D493F86C6E85F52FBBBC818E9D1761970764B16B9D8851C4479494"
"package/sdk/names.h","18676","704AEF53F9BFF22D115AF677C83F106714EF97B2B97EA962D33F7AECED87A5FA"
"package/sdk/samples/_clipshape0.map","23858","5C5E76B3A52072AFEC1261292CAE9AF6777911A27E52C1959509968760959CFB"
"package/sdk/samples/a.m32","46865","03E1616939E9571DD09F7B48822862B756E0ACA85AAA1AACAA55E6D623552FF5"
"package/sdk/samples/aspect.map","1314","FEC018E0878C36074ECCBA6B0C4BB67CC49CE571235950137AF8A42506162E44"
"package/sdk/samples/dump_used_assets.m32","10340","6CAF086BE056E3267D28601C2D2691BD2987D5DDE1626AD05D6A365F472DA981"
"package/sdk/samples/m32script_ex.map","50006","1F52BD5B091327CA24B7FE42D57B5E21FC34B9B1C5200E5ACA6A2AA5C2414C23"
"package/sdk/samples/mask_drawing_order.map","7086","D3779DA510BBFEE9CB46733CA0534D7ED7361536525254A34E529D3326C93C4C"
"package/sdk/samples/r_usenewshading.map","8038","C850522A0DD246F65EE7337AF1AC9D24AD994F29D55594A552F28A16232987E6"
"package/sdk/samples/ror.map","3306","CF7472E8F47BBC6D0FBFBA517461170C88C5F1E8828EC78BFA7FFC7EAF789AB8"
"package/sdk/samples/screentext.con","11688","9BC25DB176335C4C34B636C76BC1A390A5A972A5FB3B21E0CF5E31D2627AEF18"
"package/sdk/samples/splitscr.con","9206","F60E413358E585D22D2A39BF0AEC68A08DCCF96F285A958EDCDC261352916073"
"package/sdk/samples/spriteclip.txt","3221","04BFEAADCBE714A0278017E2748C72C31463613C691419935EF2033D7A2BABC7"
"package/sdk/samples/startpos.m32","6479","2037FAA118C30AA0F7342159669754C29F329EFD0D3901DE0992370F6174BE7A"
"package/sdk/samples/test_tileoffsets.map","12710","8A25DAA5C5626E0AB42138B079667B465888DA585FCA5C6848B420ABEE97C2EF"
"package/sdk/samples/tests.m32","5899","C020D096A8448063ED7DC71885EB3D3E15AF963B393756DB33A54A42F7FF6347"
"package/sdk/samples/trueror1.map","48750","8DCFB7DB66E22CFC51F7CDF6C03EE192DF3432200E4916E1616D5DA73AA7A66A"
"package/sdk/samples/weapons.sample.con","42297","8B7A1D4F12B37428F47BC71480A423559A08ADD3BC862E72D94F64BF5F16D399"
"package/sdk/SEHELP.HLP","897","6D3985C5F70B8ACD4E512C18C2CF626ADB0DCB7BDE6DF11E6DAE2E15E87307E9"
"package/sdk/STHELP.HLP","631","B8696F74FB94F6F9E4161307F2E4AC2A615A177724D806B212BF551F031BA70A"
"package/sdk/tiles.cfg","5726","1C040145335BCB5EC6228C39315BC6DCD084B883969851F50522DC16A39D2288"
"pcexhumed.pk3","262687","0E986FFC2A7A0A69D9110BB28D56EACA2C2AA4F4A4DEFBB5145792B73E5352D6"
"platform/Apple/.gitignore","163","C1B9215FD36AC625AD8B0D202BE0D8889607C20DDA5EC0FDDE14BB6B61D70243"
"platform/Apple/build_dependencies.py","5644","D8887E3043A7F6E18FEC2E6E73EEE85E8D7984D242D48E8212E15D49C0ACB4F9"
"platform/Apple/bundles/EDuke32.app/Contents/Info.plist","1303","EF5186191ED503BC15A0B7744C52C9A61E0D4A83369F15BC90EF8CC6C78C3A2C"
"platform/Apple/bundles/EDuke32.app/Contents/PkgInfo","9","0C319B46DF743F7DEE3FFF35423DED9FC1B144621E2657C26487B7961E10A72A"
"platform/Apple/bundles/EDuke32.app/Contents/Resources/alternate.icns","52431","2A89E1C43F26F146CF6743579695D1276472DDD9D0126F46BC2487811BE9C4B8"
"platform/Apple/bundles/EDuke32.app/Contents/Resources/eduke32.icns","319638","961797FEDC5D1687E96044D6E85199335604A114E456BDA91F3C2EA8B54AEE93"
"platform/Apple/bundles/EDuke32.app/Contents/Resources/game.png","122659","DEC804B8C8115472D1444B9D204182AE7F0DB132C29B19F3C371471D67B5AE4C"
"platform/Apple/bundles/EDuke32.app/Contents/Resources/orange.icns","316443","3573AC5BCE66DF0E6F04A1FF0AB62048B0271AE39630BB6F657FF4C3CD2EE58B"
"platform/Apple/bundles/EKenBuild.app/Contents/Info.plist","1253","B0A4F07190B012C32DE8F9F5B7EF8DBB197535A4551F5F10B3EB645532AF3838"
"platform/Apple/bundles/EKenBuild.app/Contents/PkgInfo","9","412BEDB2E6B4BC16EA611DAF5FBDEA3603202ADA7F8535AA1A124B4D6D5136F1"
"platform/Apple/bundles/EKenBuild-Editor.app/Contents/Info.plist","1185","5BEF15140F635021EB21D1CE97FC5E2410355D9B13613D0508925CCE5718772C"
"platform/Apple/bundles/EKenBuild-Editor.app/Contents/PkgInfo","9","DBA7E1B33B7D16BBA1FC79E9607E4DAB5A264D420EFB27614F93022921F583C1"
"platform/Apple/bundles/Mapster32.app/Contents/Info.plist","1222","70D3DB44DAD0E465648605349371F9C15D1812989FB496F6296ED3FD639A37FE"
"platform/Apple/bundles/Mapster32.app/Contents/PkgInfo","9","7CFC4911E5293EE5F91CCC1777649239146E6B9756B192D43B22CA62AB3928E6"
"platform/Apple/bundles/Mapster32.app/Contents/Resources/alternate.icns","52431","2A89E1C43F26F146CF6743579695D1276472DDD9D0126F46BC2487811BE9C4B8"
"platform/Apple/bundles/Mapster32.app/Contents/Resources/build.png","192009","0A0427AFBE9E2CC3F15D23902A2833FA25127D13CAACF4637541A701847FD130"
"platform/Apple/bundles/Mapster32.app/Contents/Resources/mapster32.icns","319638","961797FEDC5D1687E96044D6E85199335604A114E456BDA91F3C2EA8B54AEE93"
"platform/Apple/bundles/Mapster32.app/Contents/Resources/orange.icns","316443","3573AC5BCE66DF0E6F04A1FF0AB62048B0271AE39630BB6F657FF4C3CD2EE58B"
"platform/Apple/bundles/NBlood.app/Contents/Info.plist","1293","D2CB3C382033803CDFAAF6857500EB464E24C1A6663014B05FCAB4C8A7EDBA3F"
"platform/Apple/bundles/NBlood.app/Contents/PkgInfo","9","0C319B46DF743F7DEE3FFF35423DED9FC1B144621E2657C26487B7961E10A72A"
"platform/Apple/bundles/NBlood.app/Contents/Resources/game.png","120929","63DCD28F85F8B074B3D15D90D09EB5F094568F18B0D99C5B5F82AE14F58C1CAD"
"platform/Apple/bundles/NBlood.app/Contents/Resources/nblood.icns","64634","9165163A1C42F1EEFFF6BE188984951E5307FCF6DBFFBE00ABD7B095B98B307A"
"platform/Apple/bundles/PCExhumed.app/Contents/Info.plist","1315","F68200847FACE25C6E5829CFFB6658C0DB6F4627B9B47BE861A013F80554474E"
"platform/Apple/bundles/PCExhumed.app/Contents/PkgInfo","9","BB9C8632453AB32D729B23306D640162A3A9E1D56BE29A77E36B42C8F765ABDC"
"platform/Apple/bundles/PCExhumed.app/Contents/Resources/game.png","112763","C9E2816318C23CEFA8ECD37BC906AE4594AEEBFB2722390E02AD8B53D355656A"
"platform/Apple/bundles/PCExhumed.app/Contents/Resources/pcexhumed.icns","24509","78BD28BFEB0A24B282D1F6740BD1684F0250BAB0DA6827E2B229239327804899"
"platform/Apple/bundles/Rednukem.app/Contents/Info.plist","1308","744C6484B5751B2BD5C82B5BE93E50FB0C7F28E111AE0628AD7D714E9A07E0AA"
"platform/Apple/bundles/Rednukem.app/Contents/PkgInfo","9","DDF6D435EECEE0A256CA26F4951AF9739B3CA0692CF4DEE68D15B05AAF61FEAE"
"platform/Apple/bundles/Rednukem.app/Contents/Resources/eduke32.icns","319638","961797FEDC5D1687E96044D6E85199335604A114E456BDA91F3C2EA8B54AEE93"
"platform/Apple/bundles/Rednukem.app/Contents/Resources/game.png","8384","A8E4CA8BF83D62D94E22417B827A65C73DC5F214118B848D75CCEF7932DBFFB9"
"platform/Apple/bundles/VoidSW.app/Contents/Info.plist","1297","55F0D1C17E348E8AB7D68DFBBAD8F7BB0C37036FE377BA5EBEF619340FCEAA0F"
"platform/Apple/bundles/VoidSW.app/Contents/PkgInfo","9","80D05B6FAC96096E863CEF6D9A2CDACBA7AC9C04C6BD423CD2A696BFE1752C79"
"platform/Apple/bundles/VoidSW.app/Contents/Resources/game.png","392748","C9F62D525578DAB3912BE21930557AEFAE84154AD47ED196FCFDBEF1F0463BD2"
"platform/Apple/bundles/VoidSW.app/Contents/Resources/voidsw.icns","216884","15C2F60D2F7BA7A32BF72EF1BC38E69A6594F6DC77B4F20DDF56D26BB6565333"
"platform/Apple/bundles/Wangulator.app/Contents/Info.plist","1220","706991549E050E883E4A797A7684912B56CEAE819926EDEC34B2F44F219707FA"
"platform/Apple/bundles/Wangulator.app/Contents/PkgInfo","9","A2E98A76FAEEE837B03BB46001EA03079BCEE67851959E8FEB557539DA54D9A8"
"platform/Apple/bundles/Wangulator.app/Contents/Resources/voidsw.icns","216884","15C2F60D2F7BA7A32BF72EF1BC38E69A6594F6DC77B4F20DDF56D26BB6565333"
"platform/Apple/EDuke32.xcodeproj/project.pbxproj","303816","8073ED4B10095654823AABE6A2F8436163916B69FA4E8854B4A0F77FF2854DFF"
"platform/Apple/include/FLAC/all.h","15976","A5A4D84FBCA466BB879F16A14C1096D4BF0F4D58451A7BDA2FBBC202403ADD81"
"platform/Apple/include/FLAC/assert.h","2000","979F3BE3C7B50C782108F614BD4EA412D77C89D78BF5E4C4B68F7543B88499D9"
"platform/Apple/include/FLAC/callback.h","7233","BC71FFC80B01FE1D9D57419756D5763F15414EEC2E58C52E2970526C904FEB69"
"platform/Apple/include/FLAC/export.h","3204","73C56856C392DCD1C2FD10D23741D9F127BFB3F43D9E35B0D20AB0A5A918180C"
"platform/Apple/include/FLAC/format.h","40463","57B6122CEFB1CA7523F4439B055297CD0FF6EA4CD873E9BB579D8F4EB19F3159"
"platform/Apple/include/FLAC/metadata.h","99363","679242A1E16A05A256F4BF8FA6085BCB12D49266AED9ECAF708AD1CD7238477C"
"platform/Apple/include/FLAC/ordinals.h","2666","25F1FD2C967E46FE483DEC2D173DD9797AB4A555C7B9369DE3261EC9CC4B0A0A"
"platform/Apple/include/FLAC/stream_decoder.h","70482","73BE498BF96059CC7A051E1D6040A99E710A5E8FE472FA36F1DC022370A16D6E"
"platform/Apple/include/FLAC/stream_encoder.h","82345","BD7E20342012CAB7048FD5BDBA0987CD9F293F8B3DE129E86CE5FED20D194526"
"platform/Apple/include/ogg/config_types.h","499","74AA46F220754C0D655E20CF9E7B4590CF973212DD35672A544101AD0E046760"
"platform/Apple/include/ogg/ogg.h","8389","3B97BFA8C96E5574BF8FF36E287B966E58F5070F7E8BC619D525A391EE05BCA7"
"platform/Apple/include/ogg/os_types.h","4371","C77C482AC84D201173BF4F503415369211F7317C3C625BA12C5A3785058864E4"
"platform/Apple/include/SDL2/begin_code.h","4731","250EF5CD3C00A77133236D9A04FDF0F3461811CC4D05117CFF40E4A8EDFDA03A"
"platform/Apple/include/SDL2/close_code.h","1392","A05D08D1D7100EF2DCB84220AB1F701108AEA8747928BA2AD7384BFC02B981E8"
"platform/Apple/include/SDL2/SDL.h","4210","34B801D083D618A7DE602B54A8002E2BBD00C6B3460F921409D461DB0334F955"
"platform/Apple/include/SDL2/SDL_assert.h","11045","B6E4B5F02EC0D756A4A87F4C593D165826FAABB91C17DED48B9385C0DB5217F9"
"platform/Apple/include/SDL2/SDL_atomic.h","10031","9FDAC603CCD71716AC527374CAD80B2D6996D820C2B4A05E18965C7C1FA77D17"
"platform/Apple/include/SDL2/SDL_audio.h","33951","DFCA1028223E329C224A076A83F61405207A71FCE95D79EABF8A0F1127170C33"
"platform/Apple/include/SDL2/SDL_bits.h","2945","9104C1C456273A329296D8B81FBA4061959D907D01A50F44AB9E04FEBFE79556"
"platform/Apple/include/SDL2/SDL_blendmode.h","4993","77FF01D222E1E1A15EA1A3C416A4380BAC782129432422ABC9B68AB870891CBE"
"platform/Apple/include/SDL2/SDL_clipboard.h","1966","FABD0B3971C645FD90F7E164A9153A8BEFB5CC4CEC139B165F1C4C1ABB12C8A9"
"platform/Apple/include/SDL2/SDL_config.h","12343","DED2F103CF5CB0A1847413750BD3324F4F1CBB22172A22551B810A7622D46352"
"platform/Apple/include/SDL2/SDL_cpuinfo.h","5187","D1E45F1001FE57F74BFBA1872A691BCDC99E47D9C849F9A30467283A7F09F49F"
"platform/Apple/include/SDL2/SDL_endian.h","6451","EFB86FD1022A96B6BFF2071017CD5A0303F6D7F64000D2A221A25157540AF269"
"platform/Apple/include/SDL2/SDL_error.h","2271","7ABAE8B28558083E3952F415CCBE0B99FAB8782420F766BAC54674EB60C610BE"
"platform/Apple/include/SDL2/SDL_events.h","30766","233D9FB9C97305BA432DAF83ABF12AF0CBA989A712EAF701D805AB6EFCD68A73"
"platform/Apple/include/SDL2/SDL_filesystem.h","5255","9799C1BCC82500814459FDF9ECA33243E13B72BE06A8EF573707AF034E3E5664"
"platform/Apple/include/SDL2/SDL_gamecontroller.h","13531","E5C9B23DCA0FA46FBD6490AAE27D46B0A8AB325C14D4D362D1D2C62FBA87EAA2"
"platform/Apple/include/SDL2/SDL_gesture.h","2157","FF9FAD390590F6B6A8A6A042131947F4294003F7D501F10122B77F5A5A5AA881"
"platform/Apple/include/SDL2/SDL_haptic.h","39294","F1011D7A40D5AF970BB686D4AAC8F5F53B603ACA4694FFF6BE5542C752FEC5CB"
"platform/Apple/include/SDL2/SDL_hints.h","47250","E95D650949B0216380AAAD8E436DC9D7F5617DBCF00E795064F593961A237DAE"
"platform/Apple/include/SDL2/SDL_joystick.h","13836","6D4C940DAAF24A4DFBB5F06BE6D9FEAD85486E8350F1A49702E8F3E7917A1D9A"
"platform/Apple/include/SDL2/SDL_keyboard.h","6437","B696461075374CA0A8CDC61FE0C03D800E5B5CD3D2C71F6BAAA05A3EDB60AFEE"
"platform/Apple/include/SDL2/SDL_keycode.h","15262","4A931C946F9EA663D089B8B77CDB107B594153164F24E3AEE037D08E94D9620C"
"platform/Apple/include/SDL2/SDL_loadso.h","2866","620DCEAD9A45D7BB82EBD4F0A6B3F2AE99F7FACBB760069A035853357007C4BC"
"platform/Apple/include/SDL2/SDL_log.h","6491","8F8177E23BE035311C1D04283DB041BA08B844A40B84633EC789DD5DDB437341"
"platform/Apple/include/SDL2/SDL_main.h","4778","AB05D13A6A57A6930FA1D7AD506134B3FEC71E6C1FBB7B5A2D47A28AEF803E4D"
"platform/Apple/include/SDL2/SDL_messagebox.h","4611","0D2B834BF9C0CDF122DA43B4E83129C512E3E55D7EFA9D8361803D3A8BBC7B04"
"platform/Apple/include/SDL2/SDL_mouse.h","10924","805307E9B073BC909F7FC17B14C5A53FAA3A4F27459A25C4BB475A5A9D7AEB09"
"platform/Apple/include/SDL2/SDL_mutex.h","6665","58A53C83B6D50F72A940482F5EE506ACF706E61820F8BC10060CCB4027925538"
"platform/Apple/include/SDL2/SDL_name.h","1155","3346FCA6C94C32C599A7528355476A5FB9A5DC329455CC224DC7F019B868A6F0"
"platform/Apple/include/SDL2/SDL_pixels.h","17160","7E97330CCE33ED52C95BA14CBD14F2827CA93913DD936ABCF52D6409B4B67E93"
"platform/Apple/include/SDL2/SDL_platform.h","5203","47A303749D9951DF4518A45E19D244E98C87C2A7336FDF632BDFC80D6E7D0262"
"platform/Apple/include/SDL2/SDL_power.h","2463","5642646E9FB959DE166037A6262BBC47F7A6747E0F65234FC1EA0F9B34647F13"
"platform/Apple/include/SDL2/SDL_quit.h","2106","98DFD3ECF8C756D55C7BEFE6EED216207F29F25CA52D63EE240902B1B12F8E18"
"platform/Apple/include/SDL2/SDL_rect.h","4445","742B197047DD99CAF546E3B271602D1E79D0B3905693C970D146E7BFF694C06E"
"platform/Apple/include/SDL2/SDL_render.h","35405","11888A3D7E70448716902C913A54F9F70BA20EEA59EB2A74F98B0358EAE1B674"
"platform/Apple/include/SDL2/SDL_revision.h","79","399D96A6EE200F46B02C3263BEF80DB29AD5E525918DE227522C89228533E45F"
"platform/Apple/include/SDL2/SDL_rwops.h","7951","29EC25675E0527A09F2E377B1037352A5552894848B763FD777A7654426E5140"
"platform/Apple/include/SDL2/SDL_scancode.h","15242","E556990BD21F32E360CF787A3899FD43F20607FF9CA729B122B8E496E096CCEA"
"platform/Apple/include/SDL2/SDL_sensor.h","7545","13F7748484369E7EBD0ABCAFFA74F61EBF899966B61139EC06013F269277EAE7"
"platform/Apple/include/SDL2/SDL_shape.h","5681","2D5C129DF641B8A2F56D6DB3CB8AEDD2F44F987DBF6717E63F4C41F692D510E1"
"platform/Apple/include/SDL2/SDL_stdinc.h","22163","24C5D1124A5A28C773878220673487CA9E6F6C869ADC88EF8058DF5330CDE98E"
"platform/Apple/include/SDL2/SDL_surface.h","20556","233AC55B36544CC8EA52608DE5F08F390B89BA11393F434C516B6A7C72465B3E"
"platform/Apple/include/SDL2/SDL_system.h","9152","F2645115B57CD050C014C8497090412EE30E13345995A2BD05A14D2EF6997454"
"platform/Apple/include/SDL2/SDL_syswm.h","9060","3550EA83EE34A49666FF10494DCAF6B1015142BA2FF5AD78281274EE57DBC20B"
"platform/Apple/include/SDL2/SDL_thread.h","12977","6FB683847F56E7B9F29FDBBEC57AE5036909563F75C0500069F50FD3B9E9858D"
"platform/Apple/include/SDL2/SDL_timer.h","3454","E507BDDA75645271DBC606C6C31932825BD529A8E17E0561C4F7A2E9D86BE1CD"
"platform/Apple/include/SDL2/SDL_touch.h","2335","F6643657DDFB0C03BA3A371014C6E816B9C9122A9D93EDAE1C1CDDBCC6149DDD"
"platform/Apple/include/SDL2/SDL_types.h","1031","F2E6729B9972E3A099E154190B3FD8FDC1F84C7A034BC906AABBC1F94C7FDB9E"
"platform/Apple/include/SDL2/SDL_version.h","5161","A1FE72C4F1ED745742F09C0507B50B8B5F795ACE0A6E233597F5A307C6363ACF"
"platform/Apple/include/SDL2/SDL_video.h","46512","C819D35F9639DCF5D31EDB505F760686494119073FB94CCBDA7B479E3C4CE031"
"platform/Apple/include/SDL2/SDL_vulkan.h","10819","10A085F4C53CAADC491F32510A9D1993692B585EB7D7F8C1539F13146C9FC5CC"
"platform/Apple/include/vpx/vp8.h","4248","8BD4F03EF5771D7F08B103733F09BD5FDB665C0B1A0F039A5CA1B9C4FBD0BDB8"
"platform/Apple/include/vpx/vp8cx.h","33787","96948F4E1B3408E70888E621BFDED56F22182FA0EE94820EEA1992A061320EE0"
"platform/Apple/include/vpx/vp8dx.h","6893","27C28F977ECC8B03F1CD7ECA7EE3DB6822B2635443C4912A1C6DFC1C7D02947E"
"platform/Apple/include/vpx/vpx_codec.h","15750","D85ADB8D0EFB33BAB7F1FF53F81AA5EA0B12561390FA33A8ED5DCEA56AA38D97"
"platform/Apple/include/vpx/vpx_decoder.h","14943","135FB5C3625502E798CAFE06BCA0E06311A8614EA337BAFBCFA9EE444DE54631"
"platform/Apple/include/vpx/vpx_encoder.h","37732","002A2738A5F69053D68264BA0AB1580551B01B352FD6E1DA425D110AE0A4735D"
"platform/Apple/include/vpx/vpx_frame_buffer.h","3201","371ED0A3A25D5FBC155761D707523A6BEB325BA61C6D84643939C35D9BE2B3E4"
"platform/Apple/include/vpx/vpx_image.h","8079","71F832F7089E8A38C253A72E005FA73F617B202553CEE1348D77EE9E48FC42F9"
"platform/Apple/include/vpx/vpx_integer.h","1129","84DF10E90143C130AC8087105AF0F5704E894C8506D99AF4E71993962670BC12"
"platform/Apple/iOS/en.lproj/InfoPlist.strings","45","FEB5E820D68ED31F871D2BDAF8D14935ED343A7A875DDD774D5556DA8DFD951A"
"platform/Apple/iOS/Images.xcassets/AppIcon.appiconset/Contents.json","1590","6D2789AA71AC42A5C775306B46C45609C9A627DA135EC468F519544C509FFA19"
"platform/Apple/iOS/Images.xcassets/LaunchImage.launchimage/Contents.json","1100","482DB227C3FFFAD967A554080DA10ABBC2902F85EC62A6F819D452A335A71A47"
"platform/Apple/iOS/Info.plist","1497","9D2EF90E3F0147BDA4D549452BDCE6EB8DD9679D6016EE37382D5C36CA5FEEAB"
"platform/Apple/process_shader.sh","443","2B62F320D9CAC28C8FAC23E74C5E9341A68353B35F01461551CD326D855B5097"
"platform/osxbuild.sh","12053","0D96BE773E973CCF82D966FFCCF626B245FE57302997808601FDF447700F1645"
"platform/Wii/apps/eduke32/icon.png","6839","139DD4B9D6A2DDABC5AC5249E50887DA81905AF70921C61FE94CC23305C85E67"
"platform/Wii/apps/mapster32/icon.png","9345","DCB82AEE5D667D4AA9F55316BA986C288C3D4189B0110E36AFA9A2B1CB63A76D"
"platform/Wii/eduke32_meta_1.xml","140","6D082DF1AB6315ACD8E525530CE6590A764D74E3C6FF9CF3E0CDB66BEA240D1A"
"platform/Wii/eduke32_meta_2.xml","618","DD9392DDF35F0D79F8A3FBA57FC3DD1EEB42846E888A9628AFB8369E64FC851D"
"platform/Wii/include/SDL/begin_code.h","4498","5713940D0F1367FC5CF5231FED931266E0D86D1E1E321B3564BE064031393FEA"
"platform/Wii/include/SDL/close_code.h","1470","4E2D03A1B04B7FCF76DB33A927A3B3552E445F62B686C0F98092436DE9C914C7"
"platform/Wii/include/SDL/SDL.h","3227","24C46E55A1DDCDF7C2EC9F51D94490341AA10FD2633004D85EF1BEFC56F8DB2D"
"platform/Wii/include/SDL/SDL_active.h","1933","92AF03B8C9EF11E86E31C0A3C56709AAD2A2AFF5A41E539CE780213DDD7AE8E9"
"platform/Wii/include/SDL/SDL_audio.h","11132","E560F4261E781CD033DE76BD5B4E57C7975E48074A5BC4A9A724923165AA9D67"
"platform/Wii/include/SDL/SDL_byteorder.h","934","F4A6C1127C402EEE0555236C1295FAB0A56D03F18D2953753EDBFE0172A373CF"
"platform/Wii/include/SDL/SDL_cdrom.h","5828","CC13AD0ACB581E1695E1A39C6AFA981A9501F3F706DD6E3BD59BC669C5BCD2C5"
"platform/Wii/include/SDL/SDL_config.h","1572","DB6D9205ED14513BA721A1EA8E0B637A82070F40645039083772C135A4D24620"
"platform/Wii/include/SDL/SDL_config_dreamcast.h","2909","830F90F69AE1372E75CC7C84FF0491CC27B84FAC0ACE911CEDFEED60ED8FC381"
"platform/Wii/include/SDL/SDL_config_macos.h","2913","89AAAC3B56B9472B01A2ECD7791BC60EA0AAA438FEE4B1032FA7063B2B60D760"
"platform/Wii/include/SDL/SDL_config_macosx.h","3742","7106EFAFDDE43D27FEC5BDC5101DF2B04738C00F66AEEAA1009C6A81FE199707"
"platform/Wii/include/SDL/SDL_config_minimal.h","2044","C64C75BC6EAE547DBC8C6419ECC07B92F242FB32573452400DBF50EA2F4223E4"
"platform/Wii/include/SDL/SDL_config_nds.h","2979","01B03E4DB670C5903010C12B3AB91160D7EE940F5FF498F75A4FA518DAD92D9D"
"platform/Wii/include/SDL/SDL_config_os2.h","3776","B4E84F167B22BAFB65619C7769E83250F485781FEF242B9D47BC2E208B6217FE"
"platform/Wii/include/SDL/SDL_config_symbian.h","3107","78D105D738484984C175807DE4E7074B3E6EB17248275DC7A7A80334B092461A"
"platform/Wii/include/SDL/SDL_config_wii.h","2604","59EF0DE3FBFEFAF109B692ADC86F2E7B36198153244E2262E1961D3D28A766B2"
"platform/Wii/include/SDL/SDL_config_win32.h","4757","A52627AAF37EC48A5B6E62E0EC109E0DDB0F6F934568112A946BAE5F4F15853C"
"platform/Wii/include/SDL/SDL_copying.h","891","785EAE58208CD499EBEA024E8B551E25C777DBC6D48EC00D5844E79099F7D07E"
"platform/Wii/include/SDL/SDL_cpuinfo.h","2378","37D37B4CF426A95304A06A4E8E6D9A6FAD2C163E02506F041C588DA20BE205E4"
"platform/Wii/include/SDL/SDL_endian.h","5847","8934E2033912178207446BBD3D92B9CA481E8D41612DEA09B30330CEDCC97B6D"
"platform/Wii/include/SDL/SDL_error.h","1823","F4C1D649DBA32751C117734DB0E0CC506DA4F35ED3E6D994E1229B6E3D6EC0AC"
"platform/Wii/include/SDL/SDL_events.h","12901","22CE90CC108525790DF24954863CDC942EDD038A341906B4E15F75A77C63E550"
"platform/Wii/include/SDL/SDL_getenv.h","934","590920A8D763E4275BB90681F2CA1BCFC89E283987D87AABA6AB1695EA03E300"
"platform/Wii/include/SDL/SDL_joystick.h","5370","DE99A8053CAB1C2C14B37AC72F64CFC6DC15821B461B8A23F0A5E848275B131E"
"platform/Wii/include/SDL/SDL_keyboard.h","4006","18E25FC538D9DB3E6223EAAE6CC8F6F194962991CE09A0FCB529453362E65BEB"
"platform/Wii/include/SDL/SDL_keysym.h","7471","D140B6737AEBF00E873F756CF1A9235639F78A71EF8EE752FED4B3C3C6F4EF50"
"platform/Wii/include/SDL/SDL_loadso.h","2843","6E2D9130D7349280D2CD4E77B222EDFC0EA743CA02E90026D2FA57DEFD6E2B6D"
"platform/Wii/include/SDL/SDL_main.h","2850","8F09D327226A678E21663E5EDCA48BB217FDC37F688BD8998F3B69C85999F5EE"
"platform/Wii/include/SDL/SDL_mouse.h","4829","58A7222984941FFCEDD935853C4B8F2F9C7B12D5ACA3D1276DCAD9015C5833EC"
"platform/Wii/include/SDL/SDL_mutex.h","5869","B2D036AFFB0852E71DDB1165E4D98E3B2A87ABA3C7A654BA1F3F3E6BD94C5E27"
"platform/Wii/include/SDL/SDL_name.h","194","477291E425FFEF02810E92D46E55E450420DC024B03DB8A91D51118D14443F6B"
"platform/Wii/include/SDL/SDL_opengl.h","342783","CB535B9160743A466675ABE399A1DFDBB59650F2627CBFEE446A4F926F7F439F"
"platform/Wii/include/SDL/SDL_platform.h","2679","13B1B262F02EC249AA47293071EE635B1E8E28EFFA29CF34FE863BFE70974DDC"
"platform/Wii/include/SDL/SDL_quit.h","1969","FD021B583E41D715677B06D129078D5C3536CF265F2551D0CA9F1052B1779FB7"
"platform/Wii/include/SDL/SDL_rwops.h","5005","232939E334B681846F899808D92BD2606B6E7192ABEA9313ACCFBD735FBE8284"
"platform/Wii/include/SDL/SDL_stdinc.h","16276","FBBC7DBC1E99F8BABF05AC8A68A87842564D14DBC413673CE8132BA7217E8558"
"platform/Wii/include/SDL/SDL_syswm.h","6205","165F185223C0E339C6CD871DF23D5DCC04CC9C869F6150A6635132A7C0317F67"
"platform/Wii/include/SDL/SDL_thread.h","4555","8CB47277872403F4ACF1A4D265D432B6B953BC16AF0927D5BA0A41A4F8075872"
"platform/Wii/include/SDL/SDL_timer.h","4539","3EDBFF1577D4E2F6A41A17DF9FE4D6F1A8B624E345BE77222D916420BC26393F"
"platform/Wii/include/SDL/SDL_types.h","934","590920A8D763E4275BB90681F2CA1BCFC89E283987D87AABA6AB1695EA03E300"
"platform/Wii/include/SDL/SDL_version.h","2642","D91BA76818A491222B0A59C9FEDD6AE55A778E460A5F665DADEC76FC10442029"
"platform/Wii/include/SDL/SDL_video.h","37942","BA8E7A92A14520A39F0DBF9E479D64A3CC9D8F9886D34AF0809CC11E1F870480"
"platform/Wii/mapster32_meta_1.xml","142","497852CBD1D1C8FBC4AC0D5FDA3997BCA2678AC3E48AEDC4B68D1E97A65D35AE"
"platform/Wii/mapster32_meta_2.xml","471","1C4A25F9353FD9B29E7FEC27EBC41E991B9FA26CF938BBF4C524EA5E405400EE"
"platform/Wii/notes.txt","110","08BE70AAEB04D1D0C214CC378EEEA8989F24C9701D86CCF168BF21628B6E3BFB"
"platform/Wii/xcopy_exclude.txt","4","81907992DD4830C96203709899FD1854E98FB60AFD2EFAA58DF72583207AE53D"
"platform/wiibuild.sh","2170","39C530C2B4CB7B500A6FB346600B8BA2F863AE8D745E7E9AB400A9CE4D94F5C2"
"platform/Windows/audiolib.vcxproj","17400","8D8FEB8DDF23E8FE7D6BEC7B6D6774ED1E5F79981E24AB7D463BD8D585A43F1B"
"platform/Windows/audiolib.vcxproj.filters","5802","44E866CBCA78FA37EF09805AEC660E008E8D777DEEA8DC4546CBEECAB717A9B7"
"platform/Windows/build.vcxproj","26168","56301718BF7D70579A3A1C89ED8FFD1F9F587B7D7BE6804158A36AAC82A7B2C8"
"platform/Windows/build.vcxproj.filters","20239","073F6AA20971241EECE6384188716E44319C0D9583029A48F2C133ABA08FF6EA"
"platform/Windows/eduke32.sln","27294","EDA2C57381F391C28EB351D9169E92AE68EBB40005D474E8851038A1D8913AB9"
"platform/Windows/eduke32.vcxproj","18065","884C43B1C64BA52F6F2BCBDB918A3110B27720554D9A97A11A39DEF3972120B5"
"platform/Windows/eduke32.vcxproj.filters","10414","745ED51D74CEAEB2BFC06E7BF7FB1EF01C45B3A187A526D5A0EB61EB2C308D87"
"platform/Windows/ekenbuild.vcxproj","13128","D9120FB484EAA8B6DFA6C948E2EB0ED6B886D57C9085D92211C3FE21EA5E8096"
"platform/Windows/ekenbuild.vcxproj.filters","1962","8E8469EB3E2F9313F357ED6BA6F16FD170827CD1ACDDD20C77E62B0ABFDDB1E0"
"platform/Windows/etekwar.vcxproj","10657","A9EEA94A0D19EAA2175D52E610F8A1468A572D6667686DF8CAA038B23E94F842"
"platform/Windows/etekwar.vcxproj.filters","4302","2B9A6210BF9370DE1B9F7B03F551D77A64DE5E9DBB5D3DD57D9E3518B7325F8E"
"platform/Windows/ewitchaven.vcxproj","10907","928430CE61259FDA6073E05C6E38ADE87F2C85DB7BA2BA1C5F917BD39647B41B"
"platform/Windows/ewitchaven.vcxproj.filters","4843","7096464BD20E2EE4DC4BD839E3D9D78A6084D54BECE8FE6712D3AEC2EDD87228"
"platform/Windows/glad.vcxproj","12755","502C023CF2A015E721AA61B490F2CAF30E9BBA1CF094267968958C27EDD8C080"
"platform/Windows/glad.vcxproj.filters","762","9F716777F1EDCBFB6CF16FDB5E4ECFF378666C8F3B0899A7B7EE06DC6D2E6AAF"
"platform/Windows/hmpplay.vcxproj","8633","066FA98A42F8BBF6DFDF30083C122F28B7C40B6E8DED81E9B7CE0A04198DBC76"
"platform/Windows/hmpplay.vcxproj.filters","654","1E5BAF49FB781C29E53B61F8C31660BD885F5ACDD0740897F7FA4BE30A4886D5"
"platform/Windows/imgui.vcxproj","13783","4A437905F982790CB3F68D8319AEF7CAF14FF1DC40A3949A10291CC528949283"
"platform/Windows/imgui.vcxproj.filters","2680","D44CC9B04F17103283D9056C25FF79AD6CD76DD8A9B56BCC1C8CEF16A5BDA6F8"
"platform/Windows/include/dx/ddraw.h","245430","FA732EA023AB526F5F5C74D911F9DD03ADC830CAFE88161A0200CB64A7CFE47C"
"platform/Windows/include/dx/dinput.h","227786","ECCFA63144BEE3D3F274DE67D0BC4A8D6463D3E5473B4D7D884A72B8FD73FF4E"
"platform/Windows/include/dx/dsound.h","109987","AA8928D3DFE64E5C044644D0612305824868B8BE2179DE0FB5FBA2E8BD628E7D"
"platform/Windows/include/dx/dx_compat.h","608","C6CED513902411E17B67D960332811111339D57140339EE4D7CD288ED42B71E3"
"platform/Windows/include/FLAC/all.h","15980","DCF1792C3008606E758304A8FCFB4359A6095FADBA945C00AFF47B266F8396F4"
"platform/Windows/include/FLAC/assert.h","2000","350939D0D3B8DD022D445B82ACD5EA3ECCCF237E9D06CC9311BFEF99D1EF460C"
"platform/Windows/include/FLAC/callback.h","7233","27E1259209D7CC9D8D7B8F67830292793029E46B6AB12CDA9E92653A22329D39"
"platform/Windows/include/FLAC/export.h","3202","AD3114FF59C39D1DCC4BF7C39C98644F6027295B40F9A7CDA48F26C52C4C8E8D"
"platform/Windows/include/FLAC/format.h","40308","F98E8A1C63601B8BD194D09D426B1DFAA36EE8732F82628C6E5425B1004E3AB6"
"platform/Windows/include/FLAC/metadata.h","99379","98892089F89A089F95FF2AA51676D4F62A2986F55757EACBD459E226AE04C952"
"platform/Windows/include/FLAC/ordinals.h","2666","8B0FDEDEF9ACDFD2C4D75E1137AA16F6D6AF753952B747C59852D3BCB8C917C6"
"platform/Windows/include/FLAC/stream_decoder.h","70473","384B07BFFA5317CFC2332FB829729566200703B59DEFC975F7A6C2168E53A270"
"platform/Windows/include/FLAC/stream_encoder.h","80728","DE6FD721106D80FDAAA18B1BB8B8961518ABC0C380E5E26F932789AFA0CF367C"
"platform/Windows/include/ogg/config_types.h","499","74AA46F220754C0D655E20CF9E7B4590CF973212DD35672A544101AD0E046760"
"platform/Windows/include/ogg/ogg.h","8433","5558FE6901803400E7B5252D1F507426CABEBA1EFF376398E78865A7E733380C"
"platform/Windows/include/ogg/os_types.h","4271","303CF73E434EB960BC561C9E71D713ECC3614B45004BA575F8106D5491FB77C8"
"platform/Windows/include/SDL2/begin_code.h","5609","F2E4E2043B1FFDC439FB9BAD0F5C826A443C917EFCF1A65440580A21DDF75630"
"platform/Windows/include/SDL2/close_code.h","1486","65CCCA0ED3DF869FCA01A0333BAC2979E538235CF43E7F858874E6595D781A53"
"platform/Windows/include/SDL2/SDL.h","8084","9B44784B3728C508C9E5F875D59CBD6E791305838685F0BC706AB13FAF529C2C"
"platform/Windows/include/SDL2/SDL_assert.h","12597","8B8B5EE4F129CE8C6DF66579CCCE30FA76A79C5B21A6A4B23B3D66E55696C4F4"
"platform/Windows/include/SDL2/SDL_atomic.h","14673","3392E68920800CD69CC1FB3CD35B385968B369D9F29115DEE3010432F29CE90C"
"platform/Windows/include/SDL2/SDL_audio.h","59722","931A9103006ADEF2FD83ABA9AE7A0CE29FA3A71001CAE5F7F4544180B5BCF984"
"platform/Windows/include/SDL2/SDL_bits.h","3205","E295DEF8D4E2876FB6A4CE91BC177ADC007D9E6E01AB7E59EAECC9EBC780B5E5"
"platform/Windows/include/SDL2/SDL_blendmode.h","9018","52FA44E8B630587ADDADC3704FB9329344BADDCAB29521966059B46450496C34"
"platform/Windows/include/SDL2/SDL_clipboard.h","4307","90B3C12208B87CBF04B67CD68F8C8B693E78ED8A170D15E01FE7BCA747F5AABC"
"platform/Windows/include/SDL2/SDL_config.h","1979","30422598811BC0F46FA714A00FF9147D934F0629A55B7E9ACDFB57B0F3F87AAB"
"platform/Windows/include/SDL2/SDL_config_android.h","4930","28E1481D8611182757F80ED1DD7D408732900D18917F3A0CCEB166DEB32F003B"
"platform/Windows/include/SDL2/SDL_config_emscripten.h","5414","F1E4C84CAE2243EE14CD84F92FCDF478F8C25662C1AAF99523DE120D932FE9E5"
"platform/Windows/include/SDL2/SDL_config_iphoneos.h","5743","776EC618738A1AEE0DDC015D3E2B8A0A797764E43854F88E79113171B2C7960D"
"platform/Windows/include/SDL2/SDL_config_macosx.h","7198","B41E23B04F4B9990AFC8BF355B8F55CA4DF975811470CC078ECD99401A92BBE5"
"platform/Windows/include/SDL2/SDL_config_minimal.h","2932","985346CD26A6E313E26B6949C1D62EB57655D94EC8E2F3769A4665BAEFF6AA55"
"platform/Windows/include/SDL2/SDL_config_ngage.h","2857","CD9665C13FDAEF37C6EE1F1E12A796BBFAFABFE4BBE7639241E9D1727B45F306"
"platform/Windows/include/SDL2/SDL_config_os2.h","5055","8E66D97D52E814AB59907A878DB26BDD47D2AC06D3BF744F0EBCA34A49BC05DF"
"platform/Windows/include/SDL2/SDL_config_pandora.h","3527","23D849CAC224D55F83DB31D8F972056D901DD2E87051CBE6CA9EAC2F2ADB1B70"
"platform/Windows/include/SDL2/SDL_config_windows.h","8910","9E8DF0260611A29FA114E591E7499B3D2859B2CD8001BBFD362816F2411B0B01"
"platform/Windows/include/SDL2/SDL_config_wingdk.h","6636","E5F19C3187E8B0DE4ED4B6BFE6B46DD0255EA56BFBCE2F0E2317C689242AB316"
"platform/Windows/include/SDL2/SDL_config_winrt.h","5516","B3044DF4F2F4BA248DB6305F391294BFA52A9CEA7873FB494F2C2A8741972289"
"platform/Windows/include/SDL2/SDL_config_xbox.h","6416","1E577F5E9AEE316C2AB1712E55E6309E5169DE92ED0FCA82D2370142FC8A8F4E"
"platform/Windows/include/SDL2/SDL_copying.h","939","F2B8DA1B5A42579BEE9BD8BDCE45BA54F5C758B8138D893E2DEB544AC7E1761A"
"platform/Windows/include/SDL2/SDL_cpuinfo.h","17464","0911D93B87BEE45E981D7BB23A6BC1AD239DBBDBD9809BE863F8E469E9B7AD81"
"platform/Windows/include/SDL2/SDL_egl.h","108871","0144ED943B7C85CBDF5F4EF6D149C051A63CC41D0AB2BB13240EFC172A6A57AD"
"platform/Windows/include/SDL2/SDL_endian.h","9865","795D58BF1E8FE41F775B3522C6544B534A631BCDE550220E61D6B644C874D8B5"
"platform/Windows/include/SDL2/SDL_error.h","5177","96D3614302DE6EC6C5233280CB0D633EFACB0D01BB1065D002F6438F8420DC46"
"platform/Windows/include/SDL2/SDL_events.h","47255","D1CA0802DA17F26395219E7EA668518B18BB26D1E64A93324C18210C528CC2B3"
"platform/Windows/include/SDL2/SDL_filesystem.h","5535","20F1373EDADDFE3F0AF722BA49137E08D1E9DFD46BCD391E3DC96BC59B90BB07"
"platform/Windows/include/SDL2/SDL_gamecontroller.h","41071","7D057864E80B54650B0942661E7B32F44B84766C0B5A66AF751A52A1C37433B9"
"platform/Windows/include/SDL2/SDL_gesture.h","3418","A363DABAEEF0DF9ED19F5E571CB3C926F81ED97EF1FF3FA60B57B842A6F5DF03"
"platform/Windows/include/SDL2/SDL_guid.h","3146","800851DB004BF529957839455F8BAE897EB813A2791F10B58D3777E00CA066F2"
"platform/Windows/include/SDL2/SDL_haptic.h","43268","1814A3759A7C1D4EDE53BC1C9C560FC66EBD51C940A92BD42E40E8B5F8E72680"
"platform/Windows/include/SDL2/SDL_hidapi.h","17842","1EB71AFB302C6FC3B16AAB59E36CFEC3B3943EF403ADABA2851CC51BCA90B292"
"platform/Windows/include/SDL2/SDL_hints.h","123258","8AA86C75341BD0B5965B8D22537BBC5BCD6509871C11C23BC035F77B4FACD1EF"
"platform/Windows/include/SDL2/SDL_joystick.h","39347","3DE9D46E46D30DF896136BD88A01458967A9AE9550C054ECE1E8AD0BDB99D31D"
"platform/Windows/include/SDL2/SDL_keyboard.h","11165","301FBC5B05DFC115C23F9C52B4AA8537ACAE9675E4770279CA9E324512D3A9B9"
"platform/Windows/include/SDL2/SDL_keycode.h","15618","6B228C067CD69AC76DE5C2B7185793A92C3E32D702C20C23FE0C41F132B37CFA"
"platform/Windows/include/SDL2/SDL_loadso.h","3908","9902372D8B43258CADADC52149A1E42F09AAD277114F472A037E5E4F42D46643"
"platform/Windows/include/SDL2/SDL_locale.h","3812","0BACA9314171D31D72E03953A06C2F4FFB879A3C6433B4CE953482FC97A5AA01"
"platform/Windows/include/SDL2/SDL_log.h","11733","65521AE74E09085121B4B5A99CEA4FCE560DA8320B27C4CD8FFB48D478FE1641"
"platform/Windows/include/SDL2/SDL_main.h","8997","2587A010AE9BE638F94A9A174F7EBAAB25AA9C61132D652549D16161B02194DE"
"platform/Windows/include/SDL2/SDL_messagebox.h","6693","E02766A8BC8F5688321A96277E4F88F28DF7B33B32A7921CBED4156DD04CB179"
"platform/Windows/include/SDL2/SDL_metal.h","3380","91A57684759A012BB018CB3DAC8FED1D491E8A4D8A3C475498F0714A1E457BB7"
"platform/Windows/include/SDL2/SDL_misc.h","2845","6DED0024C254D2ACACB309D06A25CBED2F297A405290E663FCECE6A28351E2B2"
"platform/Windows/include/SDL2/SDL_mouse.h","16988","4EC7FF20B753D33B3CA76D5E90A2FA3A493F5A32FD9B90C22409CB09D10BACAC"
"platform/Windows/include/SDL2/SDL_mutex.h","16739","98AAA71F1720D8118ECA0F871626928CF3616DD71FC9601E03C5B367C16D229D"
"platform/Windows/include/SDL2/SDL_name.h","1155","F5F6D0AF34D594813F0E1B4E5DFC6DD14999D175C69DBF1F06CA5CBCFA6ACDC8"
"platform/Windows/include/SDL2/SDL_opengl.h","81091","7BE6AD6BA54208D99F2903694D0FC5652D819532374A3C0B755E6FA8D5231962"
"platform/Windows/include/SDL2/SDL_opengl_glext.h","864070","1ABB28891C9B0661B6FF3749DE2671DA5FE12BEB5BCB1833B2D6BDF5C89ECDF8"
"platform/Windows/include/SDL2/SDL_opengles.h","1254","381B8F36C32581E4A37F9F4A916A447C5D154DD2128BDFAC4431C453CC316998"
"platform/Windows/include/SDL2/SDL_opengles2.h","1606","17F4AFACA0250E2AA348938B1D8C44250D29172E568B30BD85F11969E39ED6EE"
"platform/Windows/include/SDL2/SDL_opengles2_gl2.h","42938","D6EC44B1D73F3AFCE3A20AC6976DB7FB3DAC656C5190F0B563E4CE90D79A15AA"
"platform/Windows/include/SDL2/SDL_opengles2_gl2ext.h","241221","4FC5B0034DCDE9C125922E3E70D01489A6B335076856EE660294E1A6305A3719"
"platform/Windows/include/SDL2/SDL_opengles2_gl2platform.h","646","4779BE999ACD1904458238F09C86983B7960AC40E612E05DB2DB97DB615F1E0F"
"platform/Windows/include/SDL2/SDL_opengles2_khrplatform.h","11131","7B1E01AAA7AD8F6FC34B5C7BDF79EBF5189BB09E2C4D2E79FC5D350623D11E83"
"platform/Windows/include/SDL2/SDL_pixels.h","25425","09C263F1B5A9CABAB98423199D31B6A2B237E74086CCD38C9D7F48D49642151B"
"platform/Windows/include/SDL2/SDL_platform.h","7133","6374FCCFEBFB960FEB685E0B4CF3C56564227C983088C6F6E69960DF951B96AB"
"platform/Windows/include/SDL2/SDL_power.h","3226","9BBBEEF450E95E28CADAFC5C20090E29F553BB5FC44C493F81D485E6CE59F292"
"platform/Windows/include/SDL2/SDL_quit.h","2106","F983E777EC294A99310490F52877A16A9AE517E41182BE46EEB3D5EB29BB4225"
"platform/Windows/include/SDL2/SDL_rect.h","12860","B2CEE9A572C06C661D4AD35EE408A82A3F02BEE7CAD9992F6D2646B41D0D3D41"
"platform/Windows/include/SDL2/SDL_render.h","74032","DB344239E5AEDDC749876383DD5751FB06A95A96C1E687CE3E9F471BEEDBD106"
"platform/Windows/include/SDL2/SDL_revision.h","127","0E7E24C76CDA00D1128CDB800D384EC8F87742E90A64C46F52B21C0E8F2F211E"
"platform/Windows/include/SDL2/SDL_rwops.h","28101","2410098C913A5729F21449C977F9ED4E2EC76017258E9B7D92BCCBDFBE6A3E54"
"platform/Windows/include/SDL2/SDL_scancode.h","16929","BCA1FAB0FB2BA2D7AB22FB658984C57D3D4D16FA60444679AE07875D10BBA1AB"
"platform/Windows/include/SDL2/SDL_sensor.h","10294","D0C1B8DBF6A9C15FB0D529114072F347044BBF3207BBDED27F390CB9BB1E0C4B"
"platform/Windows/include/SDL2/SDL_shape.h","5904","DE29E9FF6F8511CCC17FD1F7327BED208A44592C970736EAB339FE4FB63A8788"
"platform/Windows/include/SDL2/SDL_stdinc.h","30628","8A0062142E89B5DC5446D795C7167F0862423EE4F3711F99F8BB7E9CF7B1074B"
"platform/Windows/include/SDL2/SDL_surface.h","36798","EA332A5A911B7530BDCC3B48C0CE22F9273E6BA46108FC961F2F3D8431B6E3FF"
"platform/Windows/include/SDL2/SDL_system.h","21298","BF9861C0E16659278FEC23ACD4F54DECCEE042EB0ECDC729D785B767F1E3973E"
"platform/Windows/include/SDL2/SDL_syswm.h","11506","39AB6C2A94A3A0893817599612D5B7864B1E7AC50E4353488C0086BBDA36DDA2"
"platform/Windows/include/SDL2/SDL_test.h","2000","8EE08BC3E92CBBE629E25118E061E5FC402D8B1C381B8DDE6187FD55C675E273"
"platform/Windows/include/SDL2/SDL_test_assert.h","3235","217B6FF443399D86C9162498D554954154C321D798BEE550EE780C4EC9389529"
"platform/Windows/include/SDL2/SDL_test_common.h","6872","A8B207005CBA787400054ADDB8A82595B428F95778B485A370612163EE4AA3F5"
"platform/Windows/include/SDL2/SDL_test_compare.h","2163","239CFDCBF902925DE6904E6C9C9BBBC171045A2FDE3092E1EE56A3164B64D4D7"
"platform/Windows/include/SDL2/SDL_test_crc32.h","3385","DB26695CAA266816E7F1F31B27D66E339C90883397C7FB43042572FB801D4393"
"platform/Windows/include/SDL2/SDL_test_font.h","5432","0E2FE7FAA10C8412153DD757A85F3242FED3192282F313DBFFF7D560A851A30C"
"platform/Windows/include/SDL2/SDL_test_fuzzer.h","13203","7F31979D6C99DB3CB47CF97E2CBA536B3719504D0EB6ADD1A019CCD16F56CD28"
"platform/Windows/include/SDL2/SDL_test_harness.h","4634","E442E606F0B274AA75E9A4976931E0FC1335AA126DDD0EB4B5BB04C277B68171"
"platform/Windows/include/SDL2/SDL_test_images.h","2215","EF296FD6B2CAE16AD87D65A316F3BD8AC4EE2DCC9DAC18A37A174AEAE971B37B"
"platform/Windows/include/SDL2/SDL_test_log.h","1954","77AF59C44B57DA187E3343A4F1EA125482674C7538B23F5DD64548EEE21C4230"
"platform/Windows/include/SDL2/SDL_test_md5.h","4630","3F15F1C97BD8F67D204AC8B5ED0929550BF07C1285DBEC28785440E998DB1673"
"platform/Windows/include/SDL2/SDL_test_memory.h","1787","35FB8DE7C2FDF35446DEFC1FF2E6B532CD18B9512D940E4DAB9DC3232508298D"
"platform/Windows/include/SDL2/SDL_test_random.h","3156","AD62E37CACFB052F231F7EA59E14BC1CE4E20DF406ABB70149AB15C31E1542C4"
"platform/Windows/include/SDL2/SDL_thread.h","17323","820FDF939A77FC97A86E44230145F7399E08F7B9617B3135DA30CC2D55F41AB3"
"platform/Windows/include/SDL2/SDL_timer.h","7290","B49F9959C800D06C6298D1BE05DDC67996BC0A9E398DB0F26218A50C83826B87"
"platform/Windows/include/SDL2/SDL_touch.h","4506","A5F6C8B944E6148CE169ACEE1BC1D992030F4D1F3C94932034D654E44CF70B66"
"platform/Windows/include/SDL2/SDL_types.h","1031","C0106F97C97B4CCD21D1E6F1CCBF7AAA8962E284DB396B09922C237590FC954D"
"platform/Windows/include/SDL2/SDL_version.h","6871","819B63D3EEA8246A43C8F4F6EB4B63F0CF6BCABC9878C458AA004EBBB8332EBC"
"platform/Windows/include/SDL2/SDL_video.h","81088","C2B114457CFFEE2F48A0CE75D8D1B708D912F57873B079888D471A4AE6872C5F"
"platform/Windows/include/SDL2/SDL_vulkan.h","8679","9DEA497F32D96AC4D058360911CDF517A44946D8943775273335A9E4F34A84D0"
"platform/Windows/include/vpx/vp8.h","4248","8BD4F03EF5771D7F08B103733F09BD5FDB665C0B1A0F039A5CA1B9C4FBD0BDB8"
"platform/Windows/include/vpx/vp8dx.h","7398","F3D98BDA5D043879B8E37F01EE2FCFE9419461367A277C34EAEF7811680F4021"
"platform/Windows/include/vpx/vpx_codec.h","15888","BE66134F6E8369A636F0A0CA77D76232D2234D564F33B6A767647570D1C8BC6D"
"platform/Windows/include/vpx/vpx_decoder.h","15020","661A5F1E34235097A75D34F18F82C54507CE7C3C5F641D56B21A2D7302C48714"
"platform/Windows/include/vpx/vpx_frame_buffer.h","3206","EDC0BC4626E4C93E668A9D1ED6C58316DF905C2187384480D58F47C44ACFCB22"
"platform/Windows/include/vpx/vpx_image.h","8212","657F7BF18BE60587DBA54FAD47991F07E617C571B4AC93F64674F8A104D9DCA6"
"platform/Windows/include/vpx/vpx_integer.h","1129","84DF10E90143C130AC8087105AF0F5704E894C8506D99AF4E71993962670BC12"
"platform/Windows/lib/instructions.txt","3432","7577B2275F49C543C85F3514D178C404A1D5E06B947BB0786B27E68470D10F6C"
"platform/Windows/lib/instructions_arm64.txt","1257","52FAD163BC9BBB64B8BE2E83D35437021C81DD4506BD242B9623635B149A34FB"
"platform/Windows/libsmackerdec.vcxproj","9194","F2B41EF48E386C07513BA4159D904388176F5FB5A27EA901F4E7400756D7E864"
"platform/Windows/libsmackerdec.vcxproj.filters","1566","E0D2B80A8F51371B56EFD0A806935B1BB0729EECD107D46148044CAE17F5A9DE"
"platform/Windows/libxmp-lite.vcxproj","16015","0FB1C2A3EBBC4E58D83764FF17F91E373CD66111B8F6DC48E4A0C835A72DBD52"
"platform/Windows/libxmp-lite.vcxproj.filters","5996","5409C58DED1D8AB2871B236E56D1B3D5E5A283FA7A4D4C8D8B197E51B4967902"
"platform/Windows/mact.vcxproj","13289","86D1BB69EAC4DEDAD60757701ED89AE77C8CAEEC403BB364558C09AE2FA6FC9C"
"platform/Windows/mact.vcxproj.filters","2115","192E2607C658D9084D322208C7D174B8CD7304E98A2D18B06BD6B2C6BE43C2E5"
"platform/Windows/mapster32.vcxproj","15762","BF32BDE69AF711DBDB4E6F2E19D62340B4BD994A7C74D90135D54373D2555773"
"platform/Windows/mapster32.vcxproj.filters","3958","3323B7A0D7CB4F51F68A17476C889A90AEAEA8F6D5944E1662BF8D94A7D806A7"
"platform/Windows/mimalloc.vcxproj","14787","FEE772201934BC5BE95BCA709B0360981E0BF6C606CD60F165033555071426FB"
"platform/Windows/mimalloc.vcxproj.filters","3999","D9FCA1795E6ABF92E89F7DBE3989A854707EAA4F3960D2C904DEBABA1AD8AFE0"
"platform/Windows/msvc.mak","11008","DE093C57034FA5FDCED4DE2E2EE197CB09E1100DE3212A279B3D7AF8CB0A9234"
"platform/Windows/nblood.vcxproj","18927","6DE24DE4E89F10F1C45D84B8194FDBFC6BDDE9C8C1C75C1AB4A7298DC1CC7164"
"platform/Windows/nblood.vcxproj.filters","19399","66A3F5B031CF46E06A6DAAC1EC244515F21733EA4F18369FFF596DB8E6ABB6BE"
"platform/Windows/nmapedit.vcxproj","11468","6647085CAC09FDB7DD72D53488BF8801C623AD5EF156263C3F995F63930B211E"
"platform/Windows/nmapedit.vcxproj.filters","5056","EACF1E4AF1154FF117332354A6B9C9DD59F50DAB3033D498B534790D28088F25"
"platform/Windows/pcexhumed.vcxproj","16838","096B7C7C6B5FD477EBD482B2967DEF386B7AFEDAEECDEA4D9B3C4F36A6BE8A17"
"platform/Windows/pcexhumed.vcxproj.filters","15083","28795D75859E6E11ED42CB80BE6DFF4B2C512BC2A1D6C0492410BA7110EACC1C"
"platform/Windows/props/build_common.props","1684","3AC83EB2294696A26F6E48D7583D290E063971D1705DD77CA7E74CB6845A0FCC"
"platform/Windows/props/build_x64.props","528","9345288ABE5EA210781586ABF3D22C850B2FBDC43F6EC2B29BBCB88FECD505FF"
"platform/Windows/props/build_x86.props","528","AA44F3D51EFB4F9EC922458E1088FA1D25FD6F9CD38D010BEDEAD2BBE7BE5275"
"platform/Windows/rednukem.vcxproj","14659","43A7D4BAB8911DDD754A9656EFE1177259B4AED622172D614105E98E2C9AAE3E"
"platform/Windows/rednukem.vcxproj.filters","12612","905680E938C78B2B887563F9552673B8C3D6DBAFCD345A7299EC4C1BB94B7494"
"platform/Windows/src/_dbg_common.h","65262","CF6234A16D560D36D1AF23F2B7DCAC8EBCCA0023E1CA7D4294796CA44227D8BC"
"platform/Windows/src/_dbg_LOAD_IMAGE.h","1194","3BC1300C71A50A78F587DDC5BA7F5DA2E10F1AC204702D68294A5A9BCB363D03"
"platform/Windows/src/backtrace.c","18313","4FA7311F9B85B034AD00340B53A4576E6D2B8E6F6F298DB0F0159CBB5D026EFB"
"platform/Windows/src/compat-to-msvc/dll_dependency.S","1487","2FD5372463DE5D709A198C9DCEC894845131CE09974F7D60F816E0F828644902"
"platform/Windows/src/compat-to-msvc/dll_math.c","14565","9F1D937F105E32FCC04724E0896C5602C3048995A635FCCF7B695086B28DD720"
"platform/Windows/src/compat-to-msvc/io_math.c","760","284D7E0BDC37DA6DCF9F3D26C4934EBD2CBBB03D0F84374F9DA64EB7C2FDEBCA"
"platform/Windows/src/compat-to-msvc/Makefile","279","688C15DE468AEEFA633106E496EE1B3937D2CF606D413114DBBEE7E96BFB800C"
"platform/Windows/src/compat-to-msvc/vsnprintf.c","709","4DBFBDF8AE48907899F38B7FC28C36225232BC768913A8DA1C3A0F04FBD4C0FF"
"platform/Windows/src/dxlibs/d3d8.def","91","5D2173EB8841B4ADC9E9CD3590AEECB8316D442F74249B88B59731489C35FAC7"
"platform/Windows/src/dxlibs/d3dx8d.def","4099","BFE853FA67F9C4D7E0132CA2C1F4A5AF401E2328DCB4611CF8F3293C944400F9"
"platform/Windows/src/dxlibs/d3dxof.def","52","6C96AA12A536CD905D85F42023FD55022B83ED129403721659F13910F39D884E"
"platform/Windows/src/dxlibs/ddraw.def","328","7776F0A8C9E8C8398AE44B5C2BFC5BD7A05D92E5BE8911AE4A2AB16EB136C203"
"platform/Windows/src/dxlibs/dinput.c","16475","2214C1E10B36CB07FB7150B8169AC6F297A6FFFF6CA0D9AE7D117E6F6252BB14"
"platform/Windows/src/dxlibs/dinput.def","103","C4C009DE9AC4B0F523E767E52D3F73FB17F7DEBC6DB95527957E7C8E62DF9CC6"
"platform/Windows/src/dxlibs/dinput8.def","57","94C14373811078006EC8622754D1A672762B7D6FFDEA33C0D033B113DA9BFA03"
"platform/Windows/src/dxlibs/dplayx.def","177","0E20E4D66834BF323E40E0060488D3DBD5EED790736245B7C32133097F0C9028"
"platform/Windows/src/dxlibs/dpnaddr.def","61","6DAC0F83037DA3BE4AAD621AE40D61CF9F279313D7BE68F35E516A4B5BD40D61"
"platform/Windows/src/dxlibs/dpnet.def","52","8DA6AE07798F92C154DF72D3F9FC74054DF6116128214C5B2E65FFE33601BC55"
"platform/Windows/src/dxlibs/dpnlobby.def","60","EEA748A3DD5A78D01ABBB30904CAA21B6E30F2CD7C029CEB82081235D9122DDC"
"platform/Windows/src/dxlibs/dpvoice.def","58","D2FB307789B93EA19EC66C0A4088E8C8FA3E7E29D41E26E49B9D055BFA1C31C0"
"platform/Windows/src/dxlibs/dsetup.def","446","2F457E1847FDF9A93FD92732BBC2BB5D42642D48FF7238A3A4B24E337E5621E0"
"platform/Windows/src/dxlibs/dsound.def","315","E3BA4779100AA74026345589DC5EE1AEAAB795FDC69D1401AD0D383DFDB667AE"
"platform/Windows/src/dxlibs/dxguid.c","53675","F52887A8B0C34372AACB7E5E268373E02358644273EEEF864F9D4C48FA1B1847"
"platform/Windows/src/dxlibs/dxguid_sdl.c","301","ADB56AED5581A42964824C6CC927485016B370444E7622EB05B3D10DA3128215"
"platform/Windows/src/dxlibs/Makefile","1172","76BC5D35FCF277061C9A49567146C4B2E8D1CA025711B55F4A6EA71FF1F9FED3"
"platform/Windows/src/dxlibs/readme.txt","215","452FE3CE3BC515ACD53C8480013D565EFE5133573C115FF63515E3BA43BA1726"
"platform/Windows/voidsw.vcxproj","21474","C009D24078933218569F59278D8025C72C3B3170F3D33EF3DE0327C437BFEEB1"
"platform/Windows/voidsw.vcxproj.filters","17095","3EEA479D5C5F869B835C8AA36B497BD1509917182461E7B25BE63787C20240AB"
"platform/Windows/voidwrap.vcxproj","18833","90CB0F4DCC919104B146BA7C25085FCF1DBA1B746728C7B972A0D3ABA7FB389F"
"platform/Windows/voidwrap.vcxproj.filters","8139","60EDAB8C8EAE61EE115998A8E355A67F307C05C4CB2FE9477E1E0A8AA3D26A65"
"README.md","4828","34925AD2B4129DCF647BAB86A1418937DB2650F7F354BF7192C393F2CCB7B807"
"source/audiolib/gpl-2.0.txt","18092","8177F97513213526DF2CF6184D8FF986C675AFB514D4E68A404010521B880643"
"source/audiolib/include/al_midi.h","1209","26B2AE5DB64E982586570D814391D386E89A7A0AE84050551B517140CA851747"
"source/audiolib/include/driver_sf2.h","523","96617B69C824DBA594343831418659C9C4B82DB13B2F42DD40CABD37BD56C2CC"
"source/audiolib/include/fx_man.h","5905","0CCABBCE44A8D47797A1981682A2FE202B4B99C47FAEE7F5EE138B36C652F4DE"
"source/audiolib/include/midifuncs.h","1454","022EE236AF7D9485A606BAC0ABC2BB9F412EEDE72A0BD715AC560E1CB544782D"
"source/audiolib/include/multivoc.h","4879","F7B5FFF4FE95A6BDD3E88792242E7E48B57FF906526753F93A668D25955D9EFD"
"source/audiolib/include/music.h","3198","77A5CF56DDC667B13A196360FE53F56BC5EC3CB3F75FBFD35C7C353DD537F853"
"source/audiolib/include/opl3.h","4141","39E5B0A8EA090BA2A36D2508EDD599E861056A2D2EC39F9DDD6D24651E9CA4BF"
"source/audiolib/include/opl3_reg.h","5774","B6756C8D254D9281CE1902D3A1D892FD81012EC4E24CEC4F616A500CFFC6CF69"
"source/audiolib/include/sndcards.h","1380","6931935F5763E9A839C8EC6C0A55279C96E90B88B831538979D1A4215C176817"
"source/audiolib/src/_al_midi.h","2593","312197E8D820D3932445F50D5D6A27CACAD03D3667445E70126BDB5DA81620A8"
"source/audiolib/src/_midi.h","4319","2D4DBCC093A0EE9C5FC780E8519B204F54473272B1ACE1E0196D9E4D461C004F"
"source/audiolib/src/_multivc.h","7968","54A6CE0E8527F182FCEEB2B86ACDFA8A9F0977EB5109B432F926E065202D66E6"
"source/audiolib/src/driver_adlib.cpp","24580","371275CA405B3D89772F71B118EE255967A8053B9A17C565C371A1AF1D693D98"
"source/audiolib/src/driver_adlib.h","1144","B857E82A95FAD174312B1D232A16FF5616D0BA714389F92ADC9C781A85A52DA3"
"source/audiolib/src/driver_alsa.cpp","13565","1246157D78B0A43A01D1C335E719543080DAB793858DB11894F6A91C0E97C180"
"source/audiolib/src/driver_alsa.h","1284","D58604F0BD8893E1F5320AD7F6CF48163F53422FCA2800677249797409C165EF"
"source/audiolib/src/driver_directsound.cpp","11727","71FB0EDB83F2E13B4D74C0862FD9F7AA8875D453B018467FB1C69DF28B324C47"
"source/audiolib/src/driver_directsound.h","1690","A29DB8824588100F634ED5C767FCD65F61DFB606003C086B347235DAF8993C54"
"source/audiolib/src/driver_sdl.cpp","8120","5C393E0F0E548209DF2841F0C734A25797B9835379046AFF8C26330387E2D06E"
"source/audiolib/src/driver_sdl.h","1382","A5E1F4A34972729A1E701A97E5AE90EBE78D67D3D452814B0FFF0FA2C9789A50"
"source/audiolib/src/driver_sf2.cpp","6588","2EAE010B2F6058F30BBC2A466DA58376F47BC2ACCDFC97EC2D87678B32A8109B"
"source/audiolib/src/driver_winmm.cpp","26518","D73BB2AF1C2B70D9A7801B0FD100E1741EF773F5D33BA7B336B71E47BA1AB333"
"source/audiolib/src/driver_winmm.h","1824","4887C31F330CDDD63A13F536FC378CCBD51C01B4A975B5540447E87DE096EF0C"
"source/audiolib/src/drivers.cpp","8238","456136B76661E554D11800B06673BBFE4BD581FD19A1982591BDE7AC2AE39A29"
"source/audiolib/src/drivers.h","1930","DA0752A50AF4967013DFA04D9E29C0DA0B86021FC219DE26C78FB3786562FE3F"
"source/audiolib/src/flac.cpp","22202","179FE0B2BC5217DBFF97E6A83294C6B16A362F3F634438234ED1318B3828D7A1"
"source/audiolib/src/formats.cpp","15899","2177AF3A64AB7BFC9CB90850D90727C34301178DA6F61434E1F84E2E6016CE2E"
"source/audiolib/src/fx_man.cpp","12094","689BD79D46E103C0385174E081A4D045F640231E6F1F7C8D7E1123D497D8C008"
"source/audiolib/src/gmtimbre.cpp","20991","248B1AEEF599F9C8D6B6DCA536928EAAADC35252EE65F35E72A2553B31D1B716"
"source/audiolib/src/ll.h","4425","0569BB3D93E5162C599120E2FA2C008E2E35810D5BB570042C4735A0B10FBB4B"
"source/audiolib/src/midi.cpp","33236","5D11D3FB31813F825A842A1F3FE838B446AD06027024AADE472150A82A620E8A"
"source/audiolib/src/midi.h","1971","D5B42435A398F62472CD09C0246EF5B7022F5CD5E4325A7944429081D5D1A4F7"
"source/audiolib/src/minivorbis.h","720912","520A6FDE0E7DFC43E8C22E426ADB826DCB7B6B1AF5A75B66274953173CD1F5B4"
"source/audiolib/src/mix.cpp","3899","8FA0185102C74D8551CEE313EE03CB4256574DE9615D161D011844A317F160B2"
"source/audiolib/src/mixst.cpp","3703","916A4763465CE421840EFD4F5649F963714DE89AA902BED4BD7E9D6EA7C4456E"
"source/audiolib/src/multivoc.cpp","29646","8598596CFA4ABE485D82A8ABD563379DB29C777B70503135DE0B08A90D524793"
"source/audiolib/src/music.cpp","3687","9773BEDC8E9E340414885A9154379ACF6E6464E2A97D5995A5F0263E4769C956"
"source/audiolib/src/music_external.cpp","8129","5914DFC443F144F36454F08CD3603A3F183A659D93C1FF9CD4012D8CAC0B1C94"
"source/audiolib/src/opl3.cpp","40434","D65BFB22D14E7975E16746A40B15FC30134BDAF030FD68BE577FBEF32603C78E"
"source/audiolib/src/pitch.cpp","2532","3F0B2F3F785295A90D2496C7A71FDE6DFA8F1C78FC0082CC070919395F52650D"
"source/audiolib/src/pitch.h","1185","F59898BF9B29C4665B8B5C82EC7497E4D6E17CD8EC5791390B7987F891CA26DF"
"source/audiolib/src/tsf.h","86401","B95AA77C706204A8ABD08245BFE15AB489CFB1E4A5DA3DF70D46A04216A21FA3"
"source/audiolib/src/vorbis.cpp","13571","C8546C05186A4A624F2B3513E113C55A00AE2F8A71B8CED868EF18681FF2DF1F"
"source/audiolib/src/xa.cpp","11849","0D93A14F92B12148405893A85DE09738A298BBA5EF8ECDCEFB897FEF2848C13A"
"source/audiolib/src/xmp.cpp","7575","A283EF4F31F116A7566A3754A241E2164469A1A7E33FC948387C8C00DDFE740E"
"source/blood/gpl-2.0.txt","18092","8177F97513213526DF2CF6184D8FF986C675AFB514D4E68A404010521B880643"
"source/blood/rsrc/build.bmp","336056","5201E2E593A6D79B4AB942C6A464B4CD9F6802CE5D9EDC433E55BBB385F3AF3E"
"source/blood/rsrc/build_icon.c","26","2266A59454FAFE6A7119EACB0A3792517AD8FD77B6DDB1F4C25AA42FCCB30BF2"
"source/blood/rsrc/build_icon.ico","85175","4708652B53A33E63CB19D20DFDE2ED2DAC77EB5714F1BC043C5E40A82D523E46"
"source/blood/rsrc/buildres.rc","2918","C05E84615442DBC55C260715340B49140B4553E178EF16D704D0E033AAFA7D37"
"source/blood/rsrc/eduke32_icon.c","335","55611E06BBD20B0C9EE48112F2C965622657D3FCA78A2E89BCEABC291B96D6EE"
"source/blood/rsrc/eduke32_icon_32px.c","16592","5FB238877B58892F84FA827FA0E45EECE5244E237F48EA3EDB7EA91D1DCC176A"
"source/blood/rsrc/eduke32_icon_48px.c","37199","893E0DEA28B1ACC2640C76254B50C0ECA06C3AF70A708D3098F9E977BB7C59C8"
"source/blood/rsrc/game.bmp","336054","A11729DD75B332690C78A50B7D251564E0B06F29C45379FE37D4184B30CB1BFF"
"source/blood/rsrc/game_icon.c","26","2266A59454FAFE6A7119EACB0A3792517AD8FD77B6DDB1F4C25AA42FCCB30BF2"
"source/blood/rsrc/game_icon.ico","148869","3D9898759116062978F639A498E515A37C0EED2645D8F8C2E4280CB5C55FAB2B"
"source/blood/rsrc/gameres.rc","3700","B7748AB52CB852F4BDABA7947456EB91201D9184A4C21C489BCF14599CF6B087"
"source/blood/rsrc/manifest.build.xml","1577","FC73D01E72A9C36EA34E2F80391EC8A7EE330DB304ECC6440F4C9384823CF08D"
"source/blood/rsrc/manifest.game.xml","1551","ACDD5E884B0209B149F0373887BAE3BBC1A1FFEDF00DE9667F1EDC1EDC9EEA26"
"source/blood/src/_functio.h","6975","D9AE5701008FEAEE30FCDB9549C563AEFFCC67BF0B690FCA3175EDCDCEC6A9D4"
"source/blood/src/actor.cpp","228944","4E0E7C5AF36DEDE12C19F92066A001EF4F409C80667242FDBFF134A7433B2B53"
"source/blood/src/actor.h","8355","D397A3437FDFA1237AD7E52C26E13AD1E8BEBBEBC841F4D60749060F459AA203"
"source/blood/src/ai.cpp","62883","548E7563282CDD15AB556F0F83FBE8FD1D66DF9005145F8194B53E60F5D7CE59"
"source/blood/src/ai.h","3105","2419C974DB26D9F22C37168D562EF88B8891EC3F2A2AB9FB56BA1FFC4186AEC0"
"source/blood/src/aibat.cpp","18187","DC61CA7A45EAC631AFE61804A56BFC3C2B02D3219D48F88AA792D74BC15A337D"
"source/blood/src/aibat.h","1405","96D4185C1B06834098B74DA011DB66A4C5A9F125D4A7FA1051FBA6571D97E7D2"
"source/blood/src/aibeast.cpp","23759","AE8EC2BC3683E4233FC9EF07A56DC115EC1FB3BAFD1BFBB574EC0140A923AF7F"
"source/blood/src/aibeast.h","1543","75DA558697990F9E22A594B44765FB2B637FF58360C04E07D509D710740BAE46"
"source/blood/src/aiboneel.cpp","18089","AFAE1BC59167671233624FDDC8C62C4C7701F10B7D17C829D57D231E073C81BA"
"source/blood/src/aiboneel.h","1406","1628613455BA86228E32A898E37E4A49022DB3B7A86FE2C419ECD242301BC84E"
"source/blood/src/aiburn.cpp","10006","64019F6994AF4E04D88858A04789BE3E91BA6B25FE318430597A17ACEC7111B1"
"source/blood/src/aiburn.h","1756","69E7263478ABB20D1E77541E12DABB9D852B073EF2114DB5337949156F13C2AE"
"source/blood/src/aicaleb.cpp","17002","A087422069534A1080A9AEA07A6F1BBF1B161F3AF433E368D3AA2E621148AC13"
"source/blood/src/aicaleb.h","1518","88A358EC46659CD988D0DC09338864D3DD0932C292EEB5808483AA064F6D404E"
"source/blood/src/aicdud.cpp","83844","25E5022AF99594327146A55AC58B1A461DAC97F6D81FF1A201BE24BB67DAA7DE"
"source/blood/src/aicdud.h","1469","4626780CDD92643A36A78B02022F3901691260EBB0791E8127E5CE6799A8DA3D"
"source/blood/src/aicerber.cpp","20355","DC69AEF25AD2EF6EB2372D780A5701CBE592536C778E85CA3134DEF57E3DB98A"
"source/blood/src/aicerber.h","1502","DCD23728A02716D2062A0583F824D5885A63763B47DEFFDC3F30542EF3D7D866"
"source/blood/src/aicult.cpp","35055","07A06095C7DBCA902C4C581E6A17E2ACCBE8147E63C57F06B762A84FF5415DFD"
"source/blood/src/aicult.h","2121","BDD694CC366B631DD1B5B7A3F8113B534C8048EB58CB44A7A3D46D9BB23B6460"
"source/blood/src/aigarg.cpp","30326","508EBCBABCDD6B134F5A93D572FE02757AAC72C347FBE34AB4524E6138BA8661"
"source/blood/src/aigarg.h","1732","643D3568DA30CC937DD89BD282CE351DC4B2FFAF79B0C50191F72D2D3966555B"
"source/blood/src/aighost.cpp","24386","A61A8863B7F170BB2F0C8F20E9B4E8FEB263A2800EE931ABB29FDD4FF382846B"
"source/blood/src/aighost.h","1430","3086BE6E7C8ECB35DCEB0490C0CE8E5D538125FE6D3EC016B364DBE22EC73A74"
"source/blood/src/aigilbst.cpp","16872","CECD25EC039E113290A9E59E5A720D1E2989E390DE9D397F066F9F262D1A6F8D"
"source/blood/src/aigilbst.h","1478","4AB8B25D57348A2DD9C8CBFC2A8B84A4F7CF2C23A8E01E93034F455196F8E6C6"
"source/blood/src/aihand.cpp","5042","83E04E1DB93C9FFBB2375DBA1F48C3540E03E2E560D51E967164BE14E5B871E9"
"source/blood/src/aihand.h","1102","3EE6A50295F95298D4837FD938DA84A216FFEAB072F2D159EDFE35C30AE48E08"
"source/blood/src/aihound.cpp","6873","17530977B1405D2F37B6709764B4874F98921832C716093C51B6AE0C843FE9CE"
"source/blood/src/aihound.h","1141","B1D6E0D5CA69FD20C95241F2AA16BD0DD3F99E82C664A8EF13DE682F65E32D1E"
"source/blood/src/aiinnoc.cpp","4365","7E00F47ED87FC30A639781D330D243AC784AE8A295947D45CAFE1F4E24FA78D6"
"source/blood/src/aiinnoc.h","1106","2E4B0E62753B7BE0924FA5D951E0C608FF487606D31378294341B7AF34A173BE"
"source/blood/src/aipatrol.cpp","47056","43AE34E4E14E8951A6FE0A4B639EE4855455C58E6BB74A119D7A8E077D0232E0"
"source/blood/src/aipatrol.h","2563","C921E51034A0A6D12885AD2A2AB06B3B20F0884B2224D0AEBC55CC9F66835A2D"
"source/blood/src/aipod.cpp","10651","C60E6B32AF0756E70E27E301C3651EF2C640F21D2BF3283E9131776CE91C1739"
"source/blood/src/aipod.h","1381","8EE508451DF9D2FE1D4A29CFC7D251941AD079C10E92A7FCAF325A780197E06B"
"source/blood/src/airat.cpp","5032","0241525D5CA735EB48316BB472EA04247D3FE29D4C3956DF5513011A84CA4CA5"
"source/blood/src/airat.h","1093","7539F7106BDCEC2765F7EBEE83AAF3C39A47F4EBF09F4E6FA7565BCA6BF5C786"
"source/blood/src/aispid.cpp","10624","8640860CBB267BC3E76E861EDAF4C98D56719F5B5238DC8F5EB60031F452DBC6"
"source/blood/src/aispid.h","1126","89FB2C7D31786F505740190CCB1AB943E26E1747C57A218BA7BABF04FCF43215"
"source/blood/src/aitchern.cpp","14380","3BC57AC6203855759A09DBAA3DFA2E17859AE1A495D3C0F8140082F6ED285159"
"source/blood/src/aitchern.h","1200","D2190E573908822F87ED295B2E6A45B2913723525B29CA5EF05FA970D00A77B9"
"source/blood/src/aizomba.cpp","11196","0B112AD553FCF224FB65FF589B237064435352F9A00D25DC7B1B15E0C5076D0E"
"source/blood/src/aizomba.h","1415","E63C03F1D43450369E99FECE77A549FBD0B72D01A8AE48A24E5F7B416381BE8A"
"source/blood/src/aizombf.cpp","9481","871B42F2C5A0A0D393A64CCF95489E4332C659EC9C51A000E0E708D512D32F51"
"source/blood/src/aizombf.h","1215","3C923CE814B18F14092AD23A4732D5EF705C960A767043FD56BCE429B97F773C"
"source/blood/src/asound.cpp","5684","311038A5456E32E99D230229FC507484D40D1D13D2F60FAA9EA90701EE88831C"
"source/blood/src/asound.h","970","0F8BB814B16163666E9F5B2F6D3B1B396CABB1E59CFDD66B584ED0E3671F0D3F"
"source/blood/src/barf.cpp","25674","33FB95241951744ED8C629794D8427479EEA8CA8F0842EC8ABC97ACE64351F91"
"source/blood/src/barf.h","965","FDB3C840859EC180B24218B565BAB7664418B54C218FAC7BF3BF73544229E1A5"
"source/blood/src/blood.cpp","88556","4A428B65609288B6234E4EE4E779A4202D3C911A24B7215CFD2D7F3CDD682143"
"source/blood/src/blood.h","2513","103F1EAAC657F84EC30B251F7398645DC1CDC8AA81B014A204BDBDA45071C368"
"source/blood/src/callback.cpp","26698","78180082C1C62C71820959C18A8DE58E3A395219076F74D32D47B0A1B9DC4ACE"
"source/blood/src/callback.h","1904","74B461EC8772F784F8815FB557BBF5B05A04E678CE214BCA295C63B17C21059E"
"source/blood/src/choke.cpp","3292","D9B6202E7C513874466E0544777F32697B32E8DE59CA667C58704AFD10FBAA9E"
"source/blood/src/choke.h","1578","3E42B356E1EEBB369A90DF69C99F258FB730F854FBE04A609943DFF30D96F7F7"
"source/blood/src/common.cpp","16530","5CEAD7ECF10CFFFF4980997D9D19F8B4AE9BB711526F12518E3D6EF71BA8DDC6"
"source/blood/src/common_game.h","23592","F6F2255A3ED811B3237138792E1BFF81372714CE341712FAF28873C25FFBF086"
"source/blood/src/config.cpp","34242","4500C9D18E530A54F212F04E16C7AD02DD2EB2FE1EFF76813B1FA235DA81ED3C"
"source/blood/src/config.h","3987","DB3A1B682B482E403195B979A655E5A6FB33DDC0AC7C8FA9F1E79E5C059EED83"
"source/blood/src/controls.cpp","18927","4DA6620291C8AC70D92C0B6F7E9362687C53AFC2D5B604F0720259AC626C4D16"
"source/blood/src/controls.h","3005","9BB20E3CC71FA333E327A5A27C6E558518A088B17F37DF6A75C60BACDDE4EEAD"
"source/blood/src/credits.cpp","8808","D5696DFF14DF0203EB7496BF55401571309BD954DB7230DED27CA40BF1F41678"
"source/blood/src/credits.h","1017","F5639E6E9D2951A297D07CFE715FF7BE71499F49747B7D60C3DE3F17B754D30F"
"source/blood/src/db.cpp","60802","CE1FC5573EF403293C8982EEFC95FA2B1BC9257916AD22EF9F3572C04AAD3691"
"source/blood/src/db.h","14319","8F84A73683E4C50CEDCB991CCCEAECCD523E70B8468A31AAF0A00595DE1BD96F"
"source/blood/src/demo.cpp","24713","917F81B4A8449B62150C76659F2948ED4B500749D20754EA7E4A017526EDFA2D"
"source/blood/src/demo.h","2649","06C7F9420CE47C3E059A4B54CC1062F2A415E0DD5E201FF265672B0557BCB9BD"
"source/blood/src/dude.cpp","25783","CADBF6844380FF08E6E99D1FCE36E398198B051E6016895D4ADBF0B20A76E314"
"source/blood/src/dude.h","2341","8BA73CD766F6999FDC4208B637832FE3BC33DE583557B2446562270B6C1744C5"
"source/blood/src/endgame.cpp","8272","D67D3AA3F80BBE31CA9D0D7A9A51625A9DBD944E0C1A88F7F5F5D19CDCF48038"
"source/blood/src/endgame.h","1759","8049F11A6878BFE842BB857AE5DB9DF951B1CCFF7B575EF0578EADB1ED767599"
"source/blood/src/eventq.cpp","19637","8E78BC6AEA62A2793EC3EB512C7AD5D01CDDD298DCEA50BBF2FE977E97B4B685"
"source/blood/src/eventq.h","5394","79B8042BE41163FDF1F2C0052D2B18B8819C9B9EF90246EF3CA2BBF36327BF85"
"source/blood/src/fire.cpp","3207","A54F53ED97C35CB7883C16EDFABE44AAD43734CC07DED53CC2F66DDFB93D0C91"
"source/blood/src/fire.h","949","BA18C3362DEF2C2D3AF0A97883B2A493BDE786DBC8FFC347A4FE5D77B97570E2"
"source/blood/src/function.h","2949","05A2AC027B6F0F9A76B6679B32EFE1E3AF26DF8EDA33B4B5A1AB5862D130A5C7"
"source/blood/src/fx.cpp","14887","1BD6C32A714B2F6F96CC90BD7FFE12070B0729D006C5C72B2A6DEC464D0A69A4"
"source/blood/src/fx.h","2072","3D988AA7A55859D29D5C3FBFFA8C48E5FDE38FE991EAF509B11EC378FA463CD1"
"source/blood/src/gamedefs.h","2095","9CCC65A62483611A00E4136CB36412C0D4C8FCA525AA01C4EE6DCD7AFA4545E6"
"source/blood/src/gamemenu.cpp","102213","4CFFD7B27B5297C1BB02E0C2EBDE790888432DD2C6723D2928D498E133619B9C"
"source/blood/src/gamemenu.h","15640","92B8419EA394523A5E003156B6194D8DCAC77C189535853169C5DE189F6C0BE5"
"source/blood/src/gameutil.cpp","32397","7AD0D6AEAFBC8B406220039B8EB927B12BF90E44C15F243BC04C55408A39429B"
"source/blood/src/gameutil.h","3771","6566179A5C68A0F053C21A3A3C5C36E5664757ED57D34947C7A6E195D8F40F80"
"source/blood/src/getopt.cpp","2456","5A71F8CEABF8AB3D8FB0417633744A0114793A1A94CBB1804C038FA0AEEC07FA"
"source/blood/src/getopt.h","1236","B75BB81761A266C3B6F2C3C3D8EE8AD5C762A7951FD5A3C8AB06B986922EAB1B"
"source/blood/src/gfx.cpp","9346","C69BD16015D78EAAB5DEC5B0C654D242E64162E7BB95B7A3A1D25DBC30746FD0"
"source/blood/src/gfx.h","1562","29B6EB388A4517AE65FF602878E08061866E65B0E7A50A44FF3108657CF271CA"
"source/blood/src/gib.cpp","14772","D2AF9984A21E4E0B3C47B7278BF5D2AE5BA4B20759B56EF7692DBE3CDA87E23C"
"source/blood/src/gib.h","1946","305F7A683E7BE03A060C57C891F9ED2F23F41481366DC31C7DBD46D412A8DFA8"
"source/blood/src/globals.cpp","3065","75AF3F41FFF6A9BEBD38DB93443D6B24509F6A47124AE3442E96CD383F208732"
"source/blood/src/globals.h","1460","E4FDCE30DC11950D6FCC6CD8F8BFC81FDC86096C3718DFFDB10DA65C4587DB18"
"source/blood/src/gui.cpp","25424","4E8D05A89F6EAED5696F8E93FF7CF40243689F1F2074A409D6721957757ED702"
"source/blood/src/gui.h","4700","A96B3BF46A18CAF84DB0B5F131048C9EFA164138C075EF83E2B52561AC3190E2"
"source/blood/src/inifile.cpp","13934","89D0D05A3FBA9FAD788BD13A36C1F89B18A4E7DD65C5F371E76290CE63BDE832"
"source/blood/src/inifile.h","4488","2D6923562DBE1043DDA3EEDA412A53E4BF8D58DCB204129AFC998E124BD1117B"
"source/blood/src/iob.cpp","1772","A0B7FF10FDA1E806431B0A0B52C88348D1CA1264F62D7F1F850A087E0ACFEF5A"
"source/blood/src/iob.h","1094","0A2D23C7188B6F008EDAAC820859DFB36DD90509E9F2114BB9915A707CD66654"
"source/blood/src/keys.h","4083","AB5DEC940F96AF0237135A02046E5C01D4DCCB16285D0ADC0A4DD1A58EC8EAB0"
"source/blood/src/levels.cpp","15971","B0F5B54C305FFB09B254E00E2BF7E4ABD10434D068CFC2ADA81B814B21E5CA88"
"source/blood/src/levels.h","4497","80C86A1F0C73B58A53DE40EC46F1A8F6490F2CB9BF06E2CB649A555B347ABD0B"
"source/blood/src/loadsave.cpp","23069","64042C237BB8F27C84F323390D7AC513EC18FED39A056329196E4D66BB223E45"
"source/blood/src/loadsave.h","1715","EFBC0070D506136F11CCC6BDE4FDE8AD66276CBF6F6808E2DF305D5C3A64A689"
"source/blood/src/m32common.cpp","63110","80172B8BDE1D0BB410397F13B3CDFD16E59A1EF95F91D616400ECD776560D0F2"
"source/blood/src/m32def.cpp","118158","3D6277EC6E3EBD5976062A96F4697214067B0B27A5253AB9A67485CAE0963ED0"
"source/blood/src/m32def.h","12530","40C8C41ACFB16EEB627F5A98E2AA42822E4FA65A07EA3D9E67CABD8251ADD1A7"
"source/blood/src/m32exec.cpp","109264","F771954353C325830FAF7CE4F4DA10B21C0AEF02CCC9A2971B2109A61355070A"
"source/blood/src/m32structures.cpp","21726","B05B0AF5013559E77D7A0333E5E710A49C40FE04A3496C7EBEFCAA8DBEB00CA2"
"source/blood/src/m32vars.cpp","26998","5121E6212AE82B986AF4FAEA4CA50285395E4827F3A910F77E6F8BFDF7A879C9"
"source/blood/src/macros.h","5534","889E143F9A378486C82FC521C612357DB85E70D182DF790EB2553C92896AEB27"
"source/blood/src/map2d.cpp","8342","8CDC609D010C09F3B2B5E623A856BAB8D987C95A634B2DE319E6B1DCED723DA6"
"source/blood/src/map2d.h","1304","1A08D0ACC46E2C94D85437B8FEB5D1020C930BB88706C3C63FAC1E7054451FD8"
"source/blood/src/mapedit.cpp","452718","FFAC9AB19C2DFEB1F3E20895AA9A9390CAD28FC6CB867130BA66620B7FFDAB20"
"source/blood/src/mapster32.h","4377","158BBB9BFCBAB886B24C267C0F9AFABD97D1A34AC0684F5B49EAAB15DB652722"
"source/blood/src/menu.cpp","114025","18E1EA12B5E9B12C64151D67F129D9EA1A48C14D8C1B5B1CAD8EF3A4A4D14BE6"
"source/blood/src/menu.h","2117","F813841B79CC38CA4A28B047604390C4E10E5719E467FA106E554BCD1417F9F9"
"source/blood/src/messages.cpp","27911","CC647C7688AD0E98B13AD0DCE1A5B2354070E1111800451C4FC072853A7E417A"
"source/blood/src/messages.h","4294","1B59F5AADF54A720695FCBE84B42FBBBDF41567D2AF3462A2BE094C6621DF558"
"source/blood/src/mirrors.cpp","31766","0C822B6BFD5E23B7713BA5D329144BD41F8E9C4630BA18C2F581FF5E468C67AA"
"source/blood/src/mirrors.h","1422","4D740BD15381821195759D37F2D65980B16CF00C3DF5DCCF9CE6F75C82AB2651"
"source/blood/src/misc.cpp","4958","227ACB1D6A30B459BE358D4721C39CDC1946F40A38C7CA62B1653CE24B351787"
"source/blood/src/misc.h","1380","795C6B35D24E38A19C5CABD53F6653B85D407B6DDE5F05FCF86624B9B9BB37ED"
"source/blood/src/network.cpp","45148","FC1266A5309389392EF1B73811586731CD9F709C5F26D6CDFF2DC666D4B356F2"
"source/blood/src/network.h","3945","2652762EB9D1A4C4C9846142470B972797A77B15D8A6281B9F032498F3939144"
"source/blood/src/nnextcdud.cpp","216583","B9F8325E7D70536A8B5524321729F7616D7E13DD5CE008FCD59D644F718BBA77"
"source/blood/src/nnextcdud.h","61761","7AEFE26380C19B38B1D7F0AF56DD9608E0E90DACC12FA5CCD7D06DE76603C440"
"source/blood/src/nnextcitem.cpp","46404","372B5B3F02CE073E12EA25B8246945E24C2ECCB9FAFAA08C8697DAA3DCD26B09"
"source/blood/src/nnextcitem.h","5642","3707D513EA2787B868E7BFE7B1264CA8556285A8C9C091E65EC80AED3E152862"
"source/blood/src/nnexts.cpp","276704","DC831C027A14B8D4C8030FA7236DC69A33C20F65B2CD9A57ECF2221571668F9E"
"source/blood/src/nnexts.h","33270","5C37D51FF75DA1278F3EFE7B486FE839AF928A7EC2384917135F3EF94F58B6D6"
"source/blood/src/nnextsif.cpp","79429","D6882FDDAC4675323E65C1B853C1FD645F27D86839888A1A08C6FFDB10EEFBBB"
"source/blood/src/nnextsif.h","1987","8CC90BDBFF267ECD3EEB6ED9F2AFCDBBF24C914923002CB2E66257A82F451DE9"
"source/blood/src/nnextslaser.cpp","23954","6177E1B6C15848E005918745AD33BCCF15F35B293A75972CA6EFCE5C7B7D6D77"
"source/blood/src/nnextslaser.h","5445","285322F475106645EB74121CC78A2D7E0AD32A7443874FCD206336A908C3808B"
"source/blood/src/nnextstr.cpp","6588","7847C7DD64FF4D2B6D4E522D6D7CCFDA5500C6974F179C80C9FD1C945A7DA104"
"source/blood/src/nnextstr.h","1517","D744C231632882351B649A284D28A710F00B3DB90757437B4B8CA6FA45DCF489"
"source/blood/src/osdcmd.cpp","43627","7FE94B12DD8F8249F26264E0EA64F1532D0E6A835CE39D149498B6401822A835"
"source/blood/src/osdcmds.h","1454","CCA5E4BE594F77D7A1B08D062DD105111A6F7A9C387C39704AC169A45162C273"
"source/blood/src/player.cpp","94022","75FB8066715FCDD3E40AB967FD4A3CFFD7BC6AA856638B37A9E25D99BE503E5E"
"source/blood/src/player.h","12253","C8107E1C1FC8D27D6AA26240F992F94577318595AD2A03D52C8014B982D44892"
"source/blood/src/pqueue.h","4833","F3F5261661A88AEB95CEECE7BE7B0950215E97576F46550734903C851E9E51F8"
"source/blood/src/qav.cpp","5163","3570C08035244CA9EA5D5B88E6C03DBAEB25028BDDD2E1F340EF19C74DC1B369"
"source/blood/src/qav.h","2488","E5BF9CC71A95AEEB02355C44B38A86569120C1004669C547797F946EAD3951E0"
"source/blood/src/qheap.cpp","5681","701AE267DE2934C53F27CD1D4DEAB1324B55EC9FC1F371CCB32E63A8EB906E97"
"source/blood/src/qheap.h","1306","A616AAC0CDA073A82A3BC02CA4D8F7028979E8C8C1BE8BD05BBD81CA7D60FBCC"
"source/blood/src/replace.cpp","3309","F26AED0D7E6637C746ACC2A40400D14A5F4526D1AB94E13A4C98BAB8ABDB0F7F"
"source/blood/src/replace.h","1054","290E627D2CABCDAA0E13199F2773F1E02345EAC4ED68AEE890F4D900F598EC72"
"source/blood/src/resource.cpp","28334","2113E7D77774DAB66085755EBB1B48C19E59A18408EB3046A181C102F07002A2"
"source/blood/src/resource.h","3347","910672C4102EC342FB9920B3310201B11866A2AA926A4DEB40A87C27637EF0D8"
"source/blood/src/screen.cpp","10140","490AF743A0CA342BFAE1196DCB61E3DC940A00C0E48CCC057ED4D7028CEC5DB8"
"source/blood/src/screen.h","1732","7EE1DF70AF6B1C87B0C58DEEC6B070D21ABC16ED32E8586460B9D668E18F7227"
"source/blood/src/sectorfx.cpp","15977","364126B8EC734D96F3140B8E08AC7082F3A6A149F729047C9BFCF1F06825B16F"
"source/blood/src/sectorfx.h","1284","F604C0C03026A8AABE9A7426F0E6C0F3CD744BF4200BDC2453AC52B6DCD39569"
"source/blood/src/seq.cpp","18747","F5F1E01CA070257BC69C89D6E2B60DE40B7BC1D7DB953D6222DA58182A188B54"
"source/blood/src/seq.h","3346","682E71F9C27A32D4B215782BBE37704B58A56D9C5C4B89DD5253E6DF3F8540B3"
"source/blood/src/sfx.cpp","16894","14A8A3063E4F2303CBBB622B53701AFBBF3333DAA756C64E281B1F941D663F9A"
"source/blood/src/sfx.h","1924","7FF0B21CB336DF6AAE983C4EE5C6CB7A33CFAEC0885CFE3B95449F54E63D1DEC"
"source/blood/src/sound.cpp","13928","A91FF712940FB0324BF46A9EB2C0AB3EDF22AA30EB950367E80C6F94D9A8C5B3"
"source/blood/src/sound.h","2185","B53E4E8D4448536E865888CD97DB1A4681428CBF07F443759AA5319E6267BE34"
"source/blood/src/startgtk.game.cpp","27625","0C2DC2439A30496E77DD3671CD39F1CC7C9C9C706114414CD899F7A178987818"
"source/blood/src/startosx.game.mm","26067","5952472AAA1031F0044BA2EB06B438817BB3F7D4C10BAD7D8C119A5E882573E5"
"source/blood/src/startwin.game.cpp","22018","23E55C00F72911B36B8EBDB0DCBC2FB13EECDA108C182E33FF5BB503D08E79BC"
"source/blood/src/startwin.game.h","1533","D1D08EC051FCD232BCFC73938CB3A7CDA156462E241DA1EEE8366883A0FFE221"
"source/blood/src/tile.cpp","7286","116B98E5B6DBD2740B8A5CDB331D9A2658643CAE4FE71E679231F6ADFEA083A5"
"source/blood/src/tile.h","1923","D59D51B3CCE9EBFBD179AE2FD06A80FB3CA0334E0C4A1A64B5FD5D28583225FE"
"source/blood/src/trig.cpp","2226","50A295FDFCA833AB0731BFAECAB8C09B9067977B0F924C03CF06F2A2CD84136B"
"source/blood/src/trig.h","1257","87833553AF60172D611B49CB1038BF3932E3B927CD3F2E568D245DB03F838E6F"
"source/blood/src/triggers.cpp","83870","B9B8418376984E6FEE982560A9D5BCCBB94D5FE644F5E035EC43CE6EF9615DC7"
"source/blood/src/triggers.h","2600","7C00BFCA258FCC53C2B7BAD1AA33042C385592D0D0F17DCCF07DB0CBC532EF05"
"source/blood/src/view.cpp","154798","2817A4ECF14F509320084AB64CB066C9D8D7023A3C3E45A647BF89CDA7AABF19"
"source/blood/src/view.h","10521","2512F03AF71C2D5A5F70746DF91A009C4B8F516BB85001BB1E7EBEDB30658A60"
"source/blood/src/warp.cpp","12725","E6EBFC47449B9CAECA6F76A8C23795EB3BEBCDF6EA1BF9F82A95D76297BC16C4"
"source/blood/src/warp.h","1136","CD5D6C832097F462B06E8007E35D2BDE379DC4F5183D779665E724765420F628"
"source/blood/src/weapon.cpp","91966","0F1DC627EEFB953F1D3687B318A9A20791B9CDDD073384BDC7FDD296742973F4"
"source/blood/src/weapon.h","1590","C8878D7B55966B30469F53AE57ABDCA9D389BD0C04194E0F871F5513007E8666"
"source/blood/src/winbits.cpp","3394","9807207162143737802432430ACD1A06F5D0D6149C25B6D9E2C7C7ED1115D0B4"
"source/build/buildlic.txt","3087","54856EF1E01F294F2AEF48C2E094DECEAC489E9533BE55F1C946DA8A44808519"
"source/build/doc/build.txt","277050","70AA1BB2F97755D5367005344B4060336439629DF18F0152BAE7F30B8B2AC150"
"source/build/doc/build2.txt","93449","74F7590E8845671EF027D1F5B953F87FA9069397775E454111B3C146932A4725"
"source/build/doc/buildinf.txt","41817","DB100BD241C65DA6C93434C5988F9E13799937A4579DD20F3C730898BB9B52CC"
"source/build/doc/todo.txt","3150","15B2E0328A71A3C383A862951630882993BEAB42A6BCFC731F7A286269E90BC4"
"source/build/include/a.h","7144","8D374CF85936ADB935AA2C5E46D1856064908CD0B221BDE50021F84ACCE83A0E"
"source/build/include/animvpx.h","2736","FE6AEDC2165D1DC19540BAF5F0FD5FB1E724C79D085C3ACD60002E82D4CE1161"
"source/build/include/atomiclist.h","2315","30E0FE02867A868CA207CA1CFC534054102EC642A178B3F95F6846C3D1CFD77E"
"source/build/include/baselayer.h","12235","6E9C9C34DC846ECDEC77B4E8F04DB74F63A6D84027DA6B8DB5E14F7822F6DDE4"
"source/build/include/build.h","64128","2D2A48D3C8FBE034C354EC73954A8B03DF1B252E810B23ED9A60BE11F1FFBB2D"
"source/build/include/build_cpuid.h","417","485BB38650659CD25EF1788864F310FED0F704CA2EBC238D6CA574EB92AFDF95"
"source/build/include/buildtypes.h","10631","34DB6DC30C6D3AD027E24D82F36D387390D192583F9DC9F0DF389973211E5C19"
"source/build/include/cache1d.h","1421","7F8EC15B4D538A8BF0EDA52D8FD8BF0952C4191BD63251ED82A69ED8115F61C7"
"source/build/include/clip.h","3060","4357077C7681892A2635EF1D58866C58DCF2231551D9DD9C32CB8ECC7DE292FD"
"source/build/include/clockticks.hpp","5647","29B89C8C60B90CC515DB25E00C212B981298CCCF4C1D6678B0ED943AC2E0DB1F"
"source/build/include/collections.h","2253","6C515317196B7AD9CC43C037DA48ABEE2DEEAD4D65C6947110602542454E743A"
"source/build/include/colmatch.h","1329","B07937E19DF5152C01AF2C5DCFB7885C759BAA09E3574D53D2A76178E9371670"
"source/build/include/common.h","4457","B23FF33934F858B2621F80ABBA10AD327AC28D24734F3283604EBBAD40868CEB"
"source/build/include/communityapi.h","661","D8FBE84D69CA99BCA038B4DAB3DB3ADBCFA085123739502A06F508DE4A33CE2C"
"source/build/include/compat.h","42426","F65245A943D1D02DE8D7F9C6F33152959099D9746A67571072591956DE03CF57"
"source/build/include/crc32.h","363","733A0D0ADF0E3D39FFDAEF13B8881467226C82FE0D427A9BBC97D7EF27260C85"
"source/build/include/debugbreak.h","5693","BF381A2A06A55AC1FBC3C429E27B26367535633B9D7D05E661ED21115D91ADA4"
"source/build/include/dxdidf.h","2181","78D1C8FCABCCE07378347F86476E0906EBEE54857B12F5C680B3639C9B0F83E7"
"source/build/include/dxtfilter.h","445","3E68B726C5F812568289D9695EF052FBD16D9ED94ACD4342D0021C8793E36ADC"
"source/build/include/dynamicgtk.h","32662","7E2481CA346B89C7CCBDA0F75857352075EF67D932DB95A484925ED6A068CBE6"
"source/build/include/editor.h","16791","C22700BD851FE721FEB96270F4B827843845E8AA8F5C5C883766DAC4AC7B515C"
"source/build/include/enet.h","238163","EB8815823744B33A377DC4BC4474F4555E354CF29DE5F3BC871584880712F67D"
"source/build/include/fix16.h","6097","A45B52B076B4063AB38DDB6F72D21DE2639E047387064664146A46D7022D7BCD"
"source/build/include/fix16.hpp","12360","4B9528F350CEE74A87705671C94D534D0FA6F0442840A2BA9609DFCA998F9CB4"
"source/build/include/fix16_int64.h","1778","D9F9D3F3A3D4CA31951F84CC52FE07791D9F65ABAEE91870E03827EBACC1C55C"
"source/build/include/glbuild.h","5847","CABAE3B3A7C2E95D660A008EFA9464F27E637617E3335FB6F4B859CF4DDDBFD9"
"source/build/include/glsurface.h","1507","BD6CF7BEB0109ED8FCC85E6EB4893B08402920BDDD0AACB177BA0C9F3B6859EB"
"source/build/include/gtkbits.h","335","2250F1298169513815AAB1F1FF555C5275BD1454BA3C398C1695F5E1758FC39E"
"source/build/include/gtkpixdata.h","388","DC0C8BCCC8D803010530C867C9D14C0C87264D7979BE5E13229592C0E6309E61"
"source/build/include/gtkpixdata_shim.h","63","3FC3358A649CE3CD8F8BDB8C8D30AF0CFEF6C977F8E9BAF81C581459C60871A5"
"source/build/include/hash.h","2796","486B44BD11E15955495983B0CC2B5F3BB1C4608D91EEA5DDE708279C78D38ABE"
"source/build/include/hightile.h","4721","0553FD41F690ECC322818CD72C4DF79F86F8EB99CB0A92A6F6D2C2262B216FC6"
"source/build/include/klzw.h","968","3E9EBFDD047F8B284D5B302352CA68BFABDD6BADF6B0117BE671258C91AAD7A6"
"source/build/include/kplib.h","2526","6594F86ECDFF04DE0DCFB589DB30E99BDF62E1F9FF413B7E5DC7237639584AED"
"source/build/include/libasync.h","125681","49AC8464BC4B3E4EE364AF662E8A6165E6608AB4656901DDBB383C674B9500A7"
"source/build/include/libasync_config.h","317","F0E7305A5F12FBD3434365EC0D70775161470C3080CA65BE860A04B6A61E83B7"
"source/build/include/libdivide.h","130401","C8EBF63F51FC42DCD959EB2B95F4B3A41F41FF08A7EB6B56D4B960696093C9ED"
"source/build/include/libdivide_config.h","265","67FBA16D0BF6F1C7933126A32EA3D34F4FDA466480C37E5B60FE2D0D3E250967"
"source/build/include/libtess2.h","143862","62EFEB143ECFB2528E12B2A8A32048AC7946DFA24D55E51586F8CB03132A79C4"
"source/build/include/linklist.h","1478","29E0138D344C4F00162CAF9D2D406E52614F643FB9CE50881D3E3FBA4F03946B"
"source/build/include/log.h","729","5FF6EF77E2B36A7475295A585D680A4E1735B1D74B27DF824039EE55E41F575E"
"source/build/include/loguru.hpp","57723","A15F418ECD96FF533E2761AF501EECF4E71E77C4CB5B73B58DB43A93C7EDF97C"
"source/build/include/lru.h","6447","56A423A7C4B542A7067BFBE616CBBFC8388A34CD7C797DD6B6994D599F3894C4"
"source/build/include/lz4.h","45689","FDE247BD8D6E399ECD5186C9B1AEAF1C5F9667928E926AA685CF2C83D7237458"
"source/build/include/m32script.h","7874","B55DBF79EA9AD12754BA6C88674709BDC452BDE1953F331AFD217B75BF4F84EB"
"source/build/include/md4.h","1558","4AACE62D66C4B857FAD78ACB27611B8546606ED2E50DA7D874B373AFA4221453"
"source/build/include/mdsprite.h","6890","726CBB289FCECA2E241B771273B1EB0F5354B264BC2671467CCF9CC9D27E643C"
"source/build/include/microprofile.h","194671","ABB3805BD37FCDFB49D210DB89F1FE00BE1A337A180605088903DAAA1C8FE9A2"
"source/build/include/microprofilehtml.h","140407","93D19F684CF61E92D716D4FB8B635B5F0B413B2AA9C7353807E9D002C5537D5A"
"source/build/include/minicoro.h","68227","476C8F593A46EAA6D12FEF397DE738317A5C9A0566B3ABCD9CBE5985822C4A11"
"source/build/include/miniz.h","25422","9162AD9A7D0A03C4EE65E5E945347FC5848264092AB20CF9DBEC790E5E2F0254"
"source/build/include/miniz_common.h","2763","0F0145EA4E312D6FEF699AAC165F7DC95CD23D5C96D5AF0334CE18D9B4959875"
"source/build/include/miniz_export.h","1012","59F40C3939B0CDF34E1D97455B8A79639292DB5A953087C7A187714285580615"
"source/build/include/miniz_tdef.h","10722","434B24AD8FD76E80082E710FF0F2F68A81CF3089199332ECB8E6D59E83774524"
"source/build/include/miniz_tinfl.h","8695","DA4850920FDF09F8877D9AFFABE1EBBA1852CE4B1EBBD121F2BA7A7EA8E57E5D"
"source/build/include/mio.hpp","59841","634DB76C0B3046B4E9F5885DACF56AB5855886025C5E3BA7FDD33C9FEE766AA7"
"source/build/include/mmulti.h","1985","001789B6D1E782BE81549D29CC789ECE1264BA4E747519F6F4BF6F90C80578E0"
"source/build/include/mutex.h","1683","D8D9E78766972CA9B205D71D212C982F4F8222B4AB9B7B74C2B9B54C89CE3591"
"source/build/include/osd.h","8866","5FF761FE96500681A79A41FE9BE853E15DDBB7AC3B98B1FCABAB02B7AD735105"
"source/build/include/osxbits.h","514","43157D46529B082AB3021D8EF3480AF66793F426183AE1DB315587B21BBEBD5C"
"source/build/include/osxmain.h","307","21491F99B748D1A034000010CE093CB27685C58EE5509E15F2B5628348FB3EE0"
"source/build/include/palette.h","3948","088EC25E82F869761CF09171FE8CA8EF769DE15CA983A961ECB8449EDB1FC4C6"
"source/build/include/pngwrite.h","739","BF43B1FA08C8358EC46A3FBCBF0C1937A83A65DE77F33EE15F85B5C897D8109C"
"source/build/include/polymer.h","21479","BB5FDFE2F17FFEDEAEC64C48DDA8A33AB095E07508E5B81CC59EDF29E32A629A"
"source/build/include/polymost.h","13977","2D8500E4E5CCB35702C60AA084397D43867CD8453A9D7A12F062B3B4A054FE1B"
"source/build/include/pragmas.h","12268","5F834C5A6C6AA3248A8DCC824A0E108FFCA88A5FFABFFAB52CDB963692D967EC"
"source/build/include/pragmas_arm.h","106","ED9F104ECD9E5DE02063E795BF8D50171E33975DBB8D1AA7504DFCDE596A535C"
"source/build/include/pragmas_ppc.h","4830","E9D31799E53B38800CFF4754CC491769AA130A41F34B1B2AE6239B681BE1F7C7"
"source/build/include/pragmas_x86_gcc.h","39939","0620EC40272DD30F5C423F64798CA5B22BB19F0E23E9763E475AB1AB81E31879"
"source/build/include/pragmas_x86_msvc.h","10060","773041865F08E8916F013C91223F30FC87779205B141544E3663FFBBF147D65A"
"source/build/include/print.h","4829","E3CF77CEB20E95DEACD6141E64CD9A5D82B040EFC8EE2A6C25F9E2FFFAC0F191"
"source/build/include/prlights.h","1447","6183855BA65032561A39DCBD8A3D89FF57411D3608EFD7A3C1D6A66CC238A4A1"
"source/build/include/random.h","1169","AFD03520B10106E91130EDDEB4E206B5A3BD791E9D8C1CB1A3C8A3396FCAE71C"
"source/build/include/rawinput.h","466","0CF9D3CC765DE1FB8A6C6C0C53A997DD83DC386F761805683FEDA61A9C584EE8"
"source/build/include/rdtsc.h","3890","226857D2CA8A73C8C1A5E9CA9A2183A58FB5AD1F1201515890D1D05DF4421D29"
"source/build/include/renderlayer.h","459","0F9F85FA510BCCEBF21346D0EF1EA2E479FB6183C5DF6816C5649E2A8B2ADCDC"
"source/build/include/rev.h","224","FD1D9289D3E54C1A4AF5F39B4C0FB8280217D579F3308FB76474802E639A105B"
"source/build/include/scancodes.h","3744","354B16966989D3CE071BA6F07A02AEE96D4654345D36EE74EEDAD4F3EDA7F347"
"source/build/include/screenshot.h","302","17F13E4B255A861011146E4976B373AAF40C13E4CA3C5A99B8C61B226FC602A3"
"source/build/include/screentext.h","4368","F25277CF5BD42E8D7F74FF58E90D403BF5CA784AD5A1E258B236213D6C18BD5B"
"source/build/include/scriptfile.h","1136","19AF0F27E725E40D529A748D0DFE967D8DDDDBEB86DB20934F20EE79CBFD2783"
"source/build/include/sdl_inc.h","1335","04CEE8D8A91761B849FEE16B9D9CF065C10C9F2E565B9F8A3BE01DAB0DB35244"
"source/build/include/sdlappicon.h","62","6083C51140C31C3EF8C3F14DB354920E4051DB52A8C6C56A335F482AB29B966E"
"source/build/include/sdlayer.h","6064","FC4A6813691E6D53C83081B4554A7C4C53E970E875B72D0327BF69DAD9CAE84A"
"source/build/include/sjson.h","74228","5F5A25CB415F0E51BFE18F5E7F11BACFFE1E0826DDE79868FBE778691B7CCE39"
"source/build/include/smmalloc.h","26461","C1859CE1CB9546ACD299F0C9C6613624F993919A29549D8571B46A50F3DC955B"
"source/build/include/softsurface.h","2006","DBA5D535940B2C48D2D447CA6EAC6206FAB7AA7E81AE231B7219A11A2D4772FC"
"source/build/include/startwin.editor.h","472","5E8E425489F4ABC6C045C6697872ED5A0FB72D21F4448DED42BB464A224D133B"
"source/build/include/texcache.h","2352","6D1A0BC00B1853443492A5DC706E347F31D1F9E9BC189B053A9551AF29814432"
"source/build/include/tilepacker.h","1869","F35098FF7AB88C744BC55BBC407E6208B14210E791E4D202601F300104ACA991"
"source/build/include/timer.h","663","E56ACB1FA8E98537F0934EA226CDBB781357DA5B3F71AA624CD3B3BA093DA10B"
"source/build/include/tracker.hpp","3050","9A214ED2DD16828FCAE999CDA5BE027364B1D104A143178E01E70899287EF465"
"source/build/include/vec.h","5326","EDC72FBD2EDDFE3BBF8898EEACE20223B56CEA6D0C597B1A8EC0712674786972"
"source/build/include/vectormath.hpp","356069","6A55A5F08FEAD90A644CCA74AC2F753CADDA375B627DA46C7C18CA8F5911EB31"
"source/build/include/vfs.h","10055","EA4A3791D3B6B727B7E51284293D8D4FF3ABA16BCC16D79C0C0EF7F79F256C18"
"source/build/include/wiibits.h","142","2E6FD23369CFB1312E3B2F7B050132BA656C57A6B3EEF1A3E8BBE1B291D0A230"
"source/build/include/winbits.h","1127","0ED5216954DDBD4C2F15E3E58AA8EC4F2AAFDB20A22BAA44D9BC2E65B640DC10"
"source/build/include/windows_inc.h","3274","67EA2305C12910F15629D60CB6024C2A129BD6A068EFB61180B680B151E0107C"
"source/build/include/winlayer.h","750","68EE822E22877177DC0EC2022D30E9A61493E36A5FB592E1CCCA3BBE84553DBE"
"source/build/include/xxhash.h","268051","D50FB9B93DA02962C264A317E866D388983EA0073EA6CB96B779782C181822EA"
"source/build/include/xxhash_config.h","244","101EAE27133B57EF46FDE7F96D148E1DE2EFD2AF1910D7529123BFCB054E5A12"
"source/build/src/2d.cpp","49426","F3CE965B3D83BAE76B93AAB24B4C467B3DCAA733EA109F01130F08FF21E44A6F"
"source/build/src/a.masm","60194","C4161426634006E72B703C11F2D8BA2C12F8157B2BEDA52F35F303A66B44BDF9"
"source/build/src/a.nasm","58778","838E40FBF77A5165946797C0589E80AC46F42DB040BF8A51B87BC531F0772EEB"
"source/build/src/a-c.cpp","19978","C4D4712A7D31CB67A66C6680E047DFBD14F7CB391DD1DD2B3DCC1DA8EC6B9A48"
"source/build/src/animvpx.cpp","16393","A03049ABF49A61172EFFC80231734322A6ED46DEDC08970B571243C6B23C9F53"
"source/build/src/baselayer.cpp","29429","FE1FC42FA5F9C8826AF3A7D2E2F4E5B573381E48D3C8295B62364BFE267C14DB"
"source/build/src/build.cpp","374413","7AFAFDC0F8DE84A1D69AD19A88C5C0D83B9ABF4F9BDAB54044B8990FF368B481"
"source/build/src/cache1d.cpp","11399","8F3BBEB5762F59F79E328BEC89D71754EEB95A97F7927391352D3E21DDE69A58"
"source/build/src/clip.cpp","110464","DA431A4848206242E3E1A3B90A3BA002D5AE855C2BEAD1D5EF1CF083B7DD6ED0"
"source/build/src/colmatch.cpp","7194","2FBBBED6F8B2549C42E6CF67049D6DA077D5178A11068CBB0DA537624BB9D982"
"source/build/src/common.cpp","13902","566B1C5DFEF64B836A3D4D240FED2057051F59EF856D713728EFFFDA895E1A73"
"source/build/src/communityapi.cpp","6102","BD59EF2A6C081D3F508534AE4985301C76E010C8B18647E121A3644DEDB2DEFE"
"source/build/src/compat.cpp","15247","88763C53FFF2AF45A15C79260E4BE2C01E741DD73B5AB2B0BC5014C32F4447BC"
"source/build/src/config.cpp","26173","A276F9A13F2A8719DFAD8EEEAA259AEDB4630475EF2ED03803A7DEE2AD1B3763"
"source/build/src/cpuid.cpp","2346","1A87D6EE59678594460F38430F5A951037873DB53D551F95F52685B0AEBF03C4"
"source/build/src/crc32.cpp","3275","D93F570489A6609C7F9F4EEAF3EB1252F67FBB90A754B7B62EF6B9F1552E5D9B"
"source/build/src/defs.cpp","145944","3D1971D97C12F6350329434FCB0B9F1956837D5D871DCC7807F54FA35A937DC4"
"source/build/src/dxtfilter.cpp","8110","055F47CF47BD6D4E44A058965AFEACD17CFC0B552D27EC7B6BE9467F3F2436D8"
"source/build/src/dynamicgtk.cpp","6947","26BCB12F1F09551A1AE9C49B344BD061F499EF2E006249DFFC2F29CAABB657D1"
"source/build/src/enet.cpp","97","60ABE49F21F2A7905863B164AC2091098D62B7C1F3E461D14C099964FA2DF789"
"source/build/src/engine.cpp","483150","CFB341B8B2169769E35B76E66809CE0FF2F97D55C74DDEB62C112DB5DE8DEC65"
"source/build/src/engine_oldmap.h","7356","301CDB479F5681D52D40FD483757DC6B754ABEFEF71FC9745A2BD8D44BCBF582"
"source/build/src/engine_priv.h","15762","9B47166ECD6FFF286007CF6B7D0BA122F0B702CD720EAEF4BDC3FEC139A83D8C"
"source/build/src/fix16.cpp","8752","FBE5AB3B13233FBC22D2EBB22E9CFC29B185E6A14B0260C5A8DAB2A4F84DB49B"
"source/build/src/glbuild.cpp","21441","677FCFDE9AEE29ADEA0FBC1DBEF1950B5C36F03FC3BA3EF5D07B5E2EB4C234B7"
"source/build/src/glsurface.cpp","9058","60A506CFC9ADD73BDE1DAFFDE315731C7E75390F45CC3600022350C38AF42230"
"source/build/src/gtkbits.cpp","2301","093C10756DE50F7D72DF7C9CC3F60258EF2C60A46890178415B2BB4EEBDEB187"
"source/build/src/hash.cpp","9054","E2BA96C78532DD16BE568A9E030CD68491AD4EB177F4BA3297FB25759F59FB14"
"source/build/src/hightile.cpp","8800","C9059F51518AD58C59B3CC4F143830F0E2B482D7DBC5DC6A69B51FFFEC95FEB8"
"source/build/src/klzw.cpp","9582","FBCE9DA95C7074F3675ED1FD226F8BEF9057ACB3D70C2589E07AE59C031A7DAE"
"source/build/src/kplib.cpp","115212","A01A4F8478ED52D29AE3DE55E6021D2A0B76A6ABFFD2EB47878B80738B81913E"
"source/build/src/loguru.cpp","66312","C2E77CDE8D97FAA7B1DB6394D29A3BE9F404AFDC6EE67AF4DB5AE3E2BFE6955E"
"source/build/src/lz4.c","118145","9396F7DE527BC8435DE9C7569FB7998E56545A84B4F3C2D808C0235C01774539"
"source/build/src/md4.cpp","8550","B8A5ACB3D4BD65B0C85997062F19BDE38E330FD0CDDB155167237323728A1759"
"source/build/src/mdsprite.cpp","85063","A09A9586481DFBE80CE9117F65787E8C413BDDDDC22FF5D9A01704654FB063AA"
"source/build/src/mhk.cpp","10728","36C42370150CBDC60FB14F406C6EE7206B5B0264BAD978018402465118D47E62"
"source/build/src/miniz.c","25969","23BED44DDDB82D8B16F39C6EF278E7535495F4669C3D5A3F04DD459E8D9EEAA6"
"source/build/src/miniz_tdef.c","75367","E5576832B7623EA6C8D7F3D52B42E0B6E055BD8118EA2E73C4B7FB9FBEDEDCBC"
"source/build/src/miniz_tinfl.c","40259","FF9CC5426DF23A78070B5B8FA2DCB7AEA68FAAC466169A883B4FFB8727532350"
"source/build/src/mmulti.cpp","30462","A63B8877525A1AEF8DB1B69FE5EC8B32274CD1B61AF758E9A11CB8B3B973E5F6"
"source/build/src/mutex.cpp","858","1B9F4B6410B522ECA850C74962CE096DE6394BA1A4CEBA99A6A51404858F2906"
"source/build/src/osd.cpp","65915","BE4FA7E5E7956B8F109F1AA84E07516FE86B1825E3F3AFA8C87DEE724DF10690"
"source/build/src/osxbits.mm","4459","1268056695E04B288F9F140A43D4DC76BC2A83E7248C60E2744C2AADD10F1D37"
"source/build/src/palette.cpp","23521","62983EF3BCF5B023A7EB12C03AB71A0EF9C6E08E7DF1236E605F592C433A7D7A"
"source/build/src/pngwrite.cpp","2798","C8A9BD526717F9D4265BF4EF11084902247A55B1E6FECF272A0B750C18EE450C"
"source/build/src/polymer.cpp","211640","610284FC957902D4CC3B7CAC8347C4E3202EDA8EEBCFF538993F3B95B747E6A9"
"source/build/src/polymost.cpp","368941","F2C60BC7D11EBA4E751C07235C4AB66BBC693C3B67D33E1A25846E47EE9277A3"
"source/build/src/polymost1Frag.glsl","5887","BC38C496BE3E02FAA5A1FA6E27B5800D440F008A6B4F63521AC8601703D000F5"
"source/build/src/polymost1Vert.glsl","994","335CFBD3146C9C19C4071F030C0E51997D1B5A10796BFCDD4CA9678E517FEB01"
"source/build/src/pragmas.cpp","10071","C74F3C09DD3259618CB95878A61EC72CD217D2C15608DFE71224FE5ACC66B652"
"source/build/src/rawinput.cpp","7966","6FC4AA416CEC28FE75AEFF4BE973AE8D5098F0925F8B11584C05549911BBD798"
"source/build/src/rev.cpp","276","E3A0A44F1927C09053A4FAD6BBCEDDD9F96318EAB5558EA61F4CFEC4254DC8F1"
"source/build/src/screenshot.cpp","6654","E913BD4DE51017156E536127D3E0E571EB99333238569E65733092C9739ABCDA"
"source/build/src/screentext.cpp","19039","365F3C1F4E01B5C6CD1F29208970911D0BB4E5BB0DD4146FC0E63DF4044E1EA2"
"source/build/src/scriptfile.cpp","11268","940EEBB44FF8F77A7762B9930E5D093B96E071E35475754A46F909BEB17F047B"
"source/build/src/sdlayer.cpp","80191","94FE04F2FBB946385D286BD7368B62F70FB193EA1814BD3F2F37D1087B17DEA5"
"source/build/src/sdlayer12.cpp","14723","DFA262A13DDD9F2C1CBCD00598B0A2E9CE8CF667202C1FC9B7FBC3448356FD60"
"source/build/src/sdlkeytrans.cpp","8085","1BCAEDF0963F8C84A4E61CDA66636C19EA3FA950DA18CD93157CD76328831E0E"
"source/build/src/SDLMain.mm","10281","24C6B27C87778941A0DCFC1754C2980F8FC9CC316F9B54188F5E614277C4CDAC"
"source/build/src/sjson.cpp","462","512F67CC71A98409ECDE71B327C98395C2FF879AF0B120D328404DD4C1F4B6D0"
"source/build/src/smalltextfont.cpp","13120","0AA13F6175602EC02A89CC4E7DA4EB719333BFC422027923DF29DD697699CA68"
"source/build/src/smmalloc.cpp","7921","04B70B87F32B8EB5034BFBEBADACA501D64BF2099EC68E49EFFC7BAC29EFC817"
"source/build/src/smmalloc_generic.cpp","3899","38BBE8FEA9631BDDD7C3BB7746664BD58FECA71C9D807ADF1727E02730B4F826"
"source/build/src/smmalloc_tls.cpp","1465","6CB38F3AB62458750780B030B78D749C17BC1282F7E0FD1121CC4438C57A6BA1"
"source/build/src/softsurface.cpp","5722","D0036EAB124763C8457AF416ADB510977C23B098029076BDD5402815841881A1"
"source/build/src/startgtk.editor.cpp","19320","8D72BA1F3D0AA2F50C2D4ECF9FDE1BFFC1FEEAFC31EB2011C0C1BE396E6920DA"
"source/build/src/startosx.editor.mm","20499","A921C58DD615F6AA956416AF8C25F9D4095DC3A507DD5A155D708BAB0A0511BE"
"source/build/src/startwin.editor.cpp","14336","393F400A00A5BD6BBF9A5EC573043268039591E535C99292D586908B40B957FF"
"source/build/src/texcache.cpp","32087","5636912BAC3F0B64E7AD1093C930FA1F38B0A81179BCD70AA9AEA2E1AD86A8E4"
"source/build/src/textfont.cpp","14645","962C30BD26B65ED2ADB83BA1120C6C4B2B5C1083DFCCFC21640DF50658F328AD"
"source/build/src/tilepacker.cpp","11018","3D8C84CE577D46C91A21F99CF00B356CDA6DE665181A22891A6F12227C39E398"
"source/build/src/tiles.cpp","25362","338AED15C2AB05B71639CAA9AA8597C9A1F95150CD5A635A5D8513EA4E608D45"
"source/build/src/timer.cpp","8514","96B14906B0909A9D891AF711D07F2DE2F2DF44BBFC291B06FC332C5EBB46A9D5"
"source/build/src/vfs.cpp","43195","74229B2B7055FDE83B7072CC07BCB272CAE026F45F5E0713EED180118A5C05E4"
"source/build/src/voxmodel.cpp","39284","64847B3C229BEC99FEF0C1AEFB99C5481B91A711BA37DB1A49B110EDC8BEDD8A"
"source/build/src/wiibits.cpp","15084","F41D2605F3C688226BAB424960A95646A3B40CE14D3FABDF5AA0B637F34478B9"
"source/build/src/winbits.cpp","27743","C0482ABEA257DFFB71993F30E0A800EC3EF00480C4AFC46739A4819B631D5344"
"source/build/src/winlayer.cpp","92016","B99A0757FEBDA66D865633D46E99C72CCE56BFD2E7D2205A33CB19AA999AE00A"
"source/build/src/xxhash.c","1862","FD9CF391F2BCF8E30B696E1DA490508400224BA088CBD5F0A71D9C0C99B534D1"
"source/duke3d/gpl-2.0.txt","18092","8177F97513213526DF2CF6184D8FF986C675AFB514D4E68A404010521B880643"
"source/duke3d/rsrc/build.bmp","336056","5201E2E593A6D79B4AB942C6A464B4CD9F6802CE5D9EDC433E55BBB385F3AF3E"
"source/duke3d/rsrc/build_icon.c","26","2266A59454FAFE6A7119EACB0A3792517AD8FD77B6DDB1F4C25AA42FCCB30BF2"
"source/duke3d/rsrc/buildres.rc","2829","21E28233076AB51688A70D2C52D23F4DCD44F3DBD8D781F545A60F9CC6D05050"
"source/duke3d/rsrc/eduke32_icon.c","335","55611E06BBD20B0C9EE48112F2C965622657D3FCA78A2E89BCEABC291B96D6EE"
"source/duke3d/rsrc/eduke32_icon_32px.c","15043","F152F9631447788DAD44B5553A6F27544679FF66AF90ED69D9C544CE70858351"
"source/duke3d/rsrc/eduke32_icon_48px.c","33507","2A33FF9703FEB2E590798E3E80370E47FA68C0548D3CB3DAB8FE8584E3A02310"
"source/duke3d/rsrc/fury/build_icon.c","30","6C169EC26EABC99E2538D1568DF5A23BF599B6224484DDCFFD1B0A874880B42B"
"source/duke3d/rsrc/fury/buildres.rc","2911","8EA859ED7F57DFB980A240D1CE76C0B9462FF1200123EE284C4A1742D2B418AD"
"source/duke3d/rsrc/fury/game_icon.c","30","6C169EC26EABC99E2538D1568DF5A23BF599B6224484DDCFFD1B0A874880B42B"
"source/duke3d/rsrc/fury/game_icon.ico","43646","6D2B969B56E74198022C461FB7C8DEF6794E94C2ED921166B60D7B7CCD9ADD73"
"source/duke3d/rsrc/fury/gameres.rc","2556","1948D9BBBCB72BFE7558450045A2BBCCEBA396D4485BE96650AE0BDD3F90BBE6"
"source/duke3d/rsrc/fury/manifest.game.xml","1597","EECFEEDF95D6B4CBF835F34ACA5CB7452CCD7B9F8A4D9F654FFF80262AB21184"
"source/duke3d/rsrc/game.bmp","336056","ABFC5DFF2590F3F9CBE8034A833489E002DB38C1E316CB40CE2D36C10C8A11A5"
"source/duke3d/rsrc/game_icon.c","26","2266A59454FAFE6A7119EACB0A3792517AD8FD77B6DDB1F4C25AA42FCCB30BF2"
"source/duke3d/rsrc/game_icon.ico","85175","4708652B53A33E63CB19D20DFDE2ED2DAC77EB5714F1BC043C5E40A82D523E46"
"source/duke3d/rsrc/gameres.rc","3705","FA78313A59231D03567FB64545E4ED94A9A90146E37D4A524E2D997B30416D27"
"source/duke3d/rsrc/manifest.build.xml","1633","23E2DB2B9F21A302C62586A941E1150FBD32FE72EB545ED9A1063F463376155F"
"source/duke3d/rsrc/manifest.game.xml","1609","474738B999C4B96E8C5047E5ACAC2889EA70AF7287A1CA4CDB06A2D6B01A84B0"
"source/duke3d/rsrc/source/EDuke32_logo_21_large.psd","124679","B1C8892EDFA67C9F1380031D71E46DA07F452AAC9939D5C3C853E4219C088A3E"
"source/duke3d/rsrc/source/EDuke32_logo_21_large_blue.psd","129998","DEA9F23C1F33CAFC1A4AED796D02A55C5D054C408FDCA136286DB3FCD1EC08ED"
"source/duke3d/rsrc/source/EDuke32_logo_21_large_opaque.psd","129425","1FFA37FA46F5A7AEC4A9FA0F547E510E2B0E8259E8A9901DA38335488D9964E3"
"source/duke3d/rsrc/source/game2.psd","4721930","D234CD56A0ADBB52944AF6298DB29FC469B9C4F118F0CD7F09FE2BB20AF6A886"
"source/duke3d/rsrc/source/game3.psd","2920684","3F4017C93908A48916FE396B9A8F6A437A8C49035ACAE9D680FD74E20FC770AC"
"source/duke3d/rsrc/source/wii-hbc-icon.xcf","625183","94F954FFF2FED15A3611CD6E4B9C46F8E75874FF7FF4C0571308755C0281069C"
"source/duke3d/src/_functio.h","9288","36983522D9AD5447D9707E18BF3A4F6655AC2FC9E96CFC278ECA27046E265F85"
"source/duke3d/src/_rts.h","1320","5C4576F2C65AFBD6A8139D82988C8665E6EEA34CE128C0FC54256C7D213BBD9F"
"source/duke3d/src/actors.cpp","353175","BBF8E4232857CB67EC333DC0C00F2B3ABA16F7ECA799A85F7F700FB8CCA1A812"
"source/duke3d/src/actors.h","15917","F98FDB13F2F3736C11B40FD0584C9F7DD5EA31D4D9636E890362C5D9869DC4D2"
"source/duke3d/src/android.h","1354","C19F8E7D6275BD9AC2BE72B44DC447DAE645D9021A93D2D7EF2E509222C933E3"
"source/duke3d/src/anim.cpp","17374","EE5DC0DE352FB3D3345529313767A89F55DC30C417A278A5562FAC402AB70F90"
"source/duke3d/src/anim.h","1436","BFD2A6D07D191DA665A0D15DEBE1F43C21D0E60AD98C22E574083F8ABA3810DB"
"source/duke3d/src/astub.cpp","378815","CC8132C592E3EAA496A7B9786614AE0633ADF197547488B7E029D612037B3114"
"source/duke3d/src/cheats.cpp","24540","8A5459CC611F403156B4F411FA69A04593F65D1B0E40DCE42C852C9406D1356E"
"source/duke3d/src/cheats.h","2379","76935FB6C8812C5E744FC2D9CDC9F797157A394F9AE6E257170D352CCD46A25D"
"source/duke3d/src/cmdline.cpp","28792","A0844747902CCCD4BF34E27487E701E0614D0A0D0D4BB5AED3F67F02DE32F428"
"source/duke3d/src/cmdline.h","1362","8606263375E8CC464F7665B31ACBB25BE23B280197B012B8AC12A040F8281423"
"source/duke3d/src/common.cpp","31441","F4E024C8F684979891AABEA066AF318BA7929B1862321DF7C1541303186C2ED7"
"source/duke3d/src/common_game.h","4845","424FCA7C35DD5B8F204D605445583EDB1D29D44A17591EB4BC932C14FE950BAA"
"source/duke3d/src/config.cpp","38938","1C6A7410BC50F416CBC21A932B79E69D53A7D7E1F51FBE2F3169AD4D139D824D"
"source/duke3d/src/config.h","1846","804BB7547BB18986EC20548847D814ABEDF239D02DFA16CBA0F9B447A2E423DA"
"source/duke3d/src/demo.cpp","31278","A9F891D14AED8C90B580D4E0EECF7EC976E7B66149A2AC50F3766B7DD44867D3"
"source/duke3d/src/demo.h","1978","0A4DD4FEFA3213D920FD7662D224E3F9148AA3EBF2CF3AA44099B5CEB35462B2"
"source/duke3d/src/dnames.cpp","88772","325FC00273C782CB7B651A6C162CBC8B4ABF6FB4F909B613DC04123DF9C7A2CF"
"source/duke3d/src/dnames.h","59463","145640BC284EA13E943C2894A55CB3839FC4F5F8DF4737A2B5CDA1FA651D526F"
"source/duke3d/src/duke3d.h","4878","7DDCDE3DCD92D8AD667A9059FB5ABDE10F5B59D77678357C2E28D4B3D618E720"
"source/duke3d/src/events_defs.h","4215","911824DB52E1332AFCD9496E9D77FF70312FF05C970A784836DCCDA087CA51A2"
"source/duke3d/src/function.h","3374","B2D3DC1C28CC79F2694148CB816A0B9834B9FCA0CE155719DE3EE91583E50F94"
"source/duke3d/src/game.cpp","249174","33B5CBFAF7869B43F7BF8BBB047A2FD2E9EAA119DA7DDBF69DDEA0E73BC0F542"
"source/duke3d/src/game.h","20416","765EBD092AA01E5FA7CB3016421ADFC1BE370720C955B6E31D87B045E4C03B00"
"source/duke3d/src/gamedef.cpp","234283","848EF5EA466F3EB45389E0A9F084C22688FA8E1DD014CFAAD8975943515601C3"
"source/duke3d/src/gamedef.h","44101","33FB28D6F69F57A01EA03C84FD3250CA52CBABBF94DA4269EBE75212DF7C87A9"
"source/duke3d/src/gamedefs.h","1987","364B8EFA8F11F226A42DAFCF51236BD2936694A5B6AC62254FFEABF79C913F55"
"source/duke3d/src/gameexec.cpp","283559","56EB48882D44991A0BA50BA26AE58E11025DADC0B57D600A76920D2E4056347D"
"source/duke3d/src/gameexec.h","4720","EB26C4CFF6F60E236BF4C33FD1EF0C2A2415E442A03FC8B184A7353D787106E6"
"source/duke3d/src/GameListSource.game.h","632","23523D85226DE8278102A469741EBAD9D1B5414DDDAA9B679DC47C3654FE2FCD"
"source/duke3d/src/GameListSource.game.mm","1647","0ACB272215E7871DB8734FC880164469B433FCFC8658303D1F610158F4148805"
"source/duke3d/src/gamestructures.cpp","102451","FDA162C7251F73BBB90A91881446B87B0F0907E061197A4C17C1476449575FBF"
"source/duke3d/src/gamestructures.h","3811","D7FD505FED0FF8B0FABBAB38CCED2D45852EB7C4D2C0404E32C7DFFB2C29CD81"
"source/duke3d/src/gamevars.cpp","92577","4E5AB10C3DDAEAB15007996E950D3809A43B56975FB4A60B3A52F8986142110E"
"source/duke3d/src/gamevars.h","12877","78EEF7802AB274C7F5E6B9DEBA533ED208742150DB068FD5D8841B337AC34482"
"source/duke3d/src/global.cpp","3758","BF952E14B773C7395748DA719906C61982839FA6E3245E9D4DF2A2F57D05759F"
"source/duke3d/src/global.h","7283","B366B462060DB6A3010AFF9B6361B1DD8FAC892920433E21AFEEE2C3DE580E39"
"source/duke3d/src/GrpFile.game.h","489","C223BCCA4ADCE2382D04786BB3A64546223D007778307D22BB7EFF9ADE908132"
"source/duke3d/src/GrpFile.game.mm","882","345CA4D18AB29019C332385C882A3C847DE709B269283235E3A9AF3B4C2A5B13"
"source/duke3d/src/grpscan.cpp","24588","C5448B49B48E9064B9C55CB8737EE5F10C9484678544E1121E642FE4440CF191"
"source/duke3d/src/grpscan.h","2916","0671F50F7FDA5C3D31E0660A33F25A927EB7B710FA016215395B921D9DFF351A"
"source/duke3d/src/in_android.cpp","10140","A01F4DB29F60ABB4BA114F0B878A44D20254B4AF6485732A36CD7270D1791B6E"
"source/duke3d/src/in_android.h","3128","D3B8E5CBDDCDBC257E47DD965A0EE86DFFEC43EA284097D176E5D2E1DBDCED58"
"source/duke3d/src/input.cpp","5357","9401016A7F53E86C2F3430B57A793A20E2EE1E59BFDF09E50E8835B6CB34B324"
"source/duke3d/src/input.h","2885","46B06A29B2F89ACFD12E47C7A1081E31FDD91A9BE4F9429C8886DD56F8B7D69E"
"source/duke3d/src/inv.h","1796","C6621E37E1E5D8A638784BE912712D3E4F625F601E361D1DC9E5385973286A4F"
"source/duke3d/src/keys.h","4083","AB5DEC940F96AF0237135A02046E5C01D4DCCB16285D0ADC0A4DD1A58EC8EAB0"
"source/duke3d/src/m32common.cpp","59893","430BDF546B619D6A38FF211BCB604843295D2C33028596EDC2CB988BF2705C33"
"source/duke3d/src/m32def.cpp","118898","29F0EF5C14DE3573F6ED5B8564AD33464E5FCB85A4D2D2F25F4B82D819B9D802"
"source/duke3d/src/m32def.h","12739","52992D953827E909F33FEA39641CAC527BDA5CE07F241E95E461CC2F5D25786A"
"source/duke3d/src/m32exec.cpp","110708","BD531DF0DE0F15319B9EA3972663FCB51E8C390BA9AEA1F76EABA807266B56F7"
"source/duke3d/src/m32structures.cpp","21726","5E652CB25A9379C3F5454430B429518BC816E04F109B1BAEEFD29B7226135A1C"
"source/duke3d/src/m32vars.cpp","27685","F54B810CC9723556816DE880575D62B5A069B1BC43E2E85AE3BD640D1360B6F7"
"source/duke3d/src/macros.h","7668","ABB1A391618E7E752210D47CE300B6022E5A4511E55A72C2BF914480337BE308"
"source/duke3d/src/mapster32.h","4445","2AEC1C0E4C9A7C04095E02BE0D879C24328B48FDA4FF5221B3784198A5C083FA"
"source/duke3d/src/mdump.cpp","2745","A4D49CE4C59992CA5FB74996C39E1EB69579566238D96B5804D2BCF291E1C609"
"source/duke3d/src/mdump.h","591","A842EF7259B4AF9FE3125CD73827B17CC62A65C495EA1D7D3D79F5B26E9DFABF"
"source/duke3d/src/menus.cpp","336009","F8386ED09B49DB03ECB1BF3EFCC09546FE21B676474FB86C17F4EE1A96537842"
"source/duke3d/src/menus.h","13413","6DB67CC38D16AB849082C031F9DCE6536FF20B68BF540F9AD96D5FA3017DDBF4"
"source/duke3d/src/names.h","18777","E0D1C4341AEC42555BC3EB021F0E5B4C86E594D36822DFC750700B3A9E17B1A8"
"source/duke3d/src/network.cpp","162728","46B7158CA1B80340615693C74D7627431B04078A4F42D44956C055FF6B456365"
"source/duke3d/src/network.h","7773","1E0A7B7322B5B98FA73467C3EC85711AC9D796AEAAEA16F5D3D19885AB4F8F3E"
"source/duke3d/src/osdcmds.cpp","61358","61485A5EFC7961FE4005487AA68800A3B8CEDF0FCAB66873114006C9942C8B60"
"source/duke3d/src/osdcmds.h","1381","A38A5A0EA2677399093351A80E94001FD058979EE2A32B71B1AAECD4142AFD19"
"source/duke3d/src/osdfuncs.cpp","4608","5CC5D04113C129365CB4D10332DA96C36DBA7E4141CFBF979CFD42CF4CC9A086"
"source/duke3d/src/osdfuncs.h","1350","FC1A314C117601C1D4C7D907BC948AA01E28499F88826DB95AB01ECEB6CD46F5"
"source/duke3d/src/player.cpp","241341","5710CFE49E7E7F0FF246456CF906F3FAE8B36528BDF06F8B058BB21F8DA431B3"
"source/duke3d/src/player.h","16963","27240F06153D01749F1881F4D46544AB18D73D31ED08C82C80DA86986F893DCB"
"source/duke3d/src/premap.cpp","59237","9F25F2ABD0F0F1A018197CF8FA8502D41F6CCCE5A6FE44189181BBC569645868"
"source/duke3d/src/premap.h","1926","30491F22383B21672E155E9618484B3143FAA1E066FFEFC2A13FF597A0E64013"
"source/duke3d/src/quotes.h","3889","0D93A9C39381C89532E4AD6F775EA4154A3FB9DAFC22D2718E46F2CCAFDD016A"
"source/duke3d/src/rts.cpp","4401","AD130E2FBE22E667C4440BAD15F02B30A316C35A00848FFAC240DA8E07D9C79D"
"source/duke3d/src/rts.h","1397","74D54ED50C533355900F263FA78B75E415D9C6450B150EBA0224CD101214302B"
"source/duke3d/src/savegame.cpp","77654","30CA242410C34E2834EE47F2008BA03F55F1A6217F52F2CE020B077B9B4A17BD"
"source/duke3d/src/savegame.h","4481","4FAC4D2F8718DDCCF23BAA2CAD02E032E420BF03E83A80C88AC8AA742EC15122"
"source/duke3d/src/sbar.cpp","39843","7F8FC4BF6F57CB73E6BD1A8CF7204CF1FA6181F68DFA92FC982539ED53CBA5D1"
"source/duke3d/src/sbar.h","1351","65AE6E8B0C8765F4DBE5A0AA4EDB796C5604D275F0D12AA598724CBFEB4FCED6"
"source/duke3d/src/screens.cpp","86766","4F4A86B16785864703CABDAAA5703603E0D62624F164D686A6CA27BECDDEACF3"
"source/duke3d/src/screens.h","1522","2B0AFB5C55015648331DE64B7257043FD1C44EEFBDA8BA5E37394D4B4ABBE10C"
"source/duke3d/src/sector.cpp","126439","8836D20D0CBB525D9474E8F964C1E278CBE9F3BAA969F3E091E84AB55437A1D8"
"source/duke3d/src/sector.h","6243","D6530AD00E59BDC08881A61E3572AA36336BF881B21C8DE32559815F5A3A57CE"
"source/duke3d/src/soundefs.h","17892","C21E4C4B64C61CEE4877080FD27665A50DF25728BCD0C342D3DE1B367DDEADEB"
"source/duke3d/src/sounds.cpp","34579","3F0B81DA9679D726E524B4EF2F4D9694E88F6F275811D186A2695361A4A4CCD2"
"source/duke3d/src/sounds.h","3765","E8C67CEA080CE1DF2F7DD063D31589A9DA681941D9AEA3D7FE7D334EEEAA3C29"
"source/duke3d/src/sounds_common.h","1118","C4989B4188C696E49468AEADDD2CAF612A235C0D91AC1E4F8BF96FB4DA303905"
"source/duke3d/src/sounds_mapster32.cpp","14019","733FD2BA20E3F87E907772D506797E6D568AB428577CBA4C12719536C353D96A"
"source/duke3d/src/sounds_mapster32.h","2386","FD6A311839BC86ADECF0533C517A2CD80D0B08CDE012DD9AEA2D22AE3FF1839B"
"source/duke3d/src/startgtk.game.cpp","33774","D2543D2A4ACB9FC38A875A1175A73ABF2B8E0D1D7CC58AAC31B667574C2ADB06"
"source/duke3d/src/startosx.game.mm","24072","9E1EEA25E91C9A8D00234D2D05E8724A4849C5A7B8DB6A998B9BC82E7D875422"
"source/duke3d/src/startwin.game.cpp","22668","E09C272D5079CD675A92B48F1EDD6DFABE397B12B1F7254A715FC84C0DDD4829"
"source/duke3d/src/startwin.game.h","1502","C733C2C72228B891A05CD63F204F671E817C30A3442353E709551F12FEF4D73B"
"source/duke3d/src/text.cpp","17330","721B55D9164DAE9316D7A0B507A0B3891D57BCD51167B2997945A0D42F55284B"
"source/duke3d/src/text.h","9262","27AFA89F39555C4A72E1106678761340F0920ECEE9608F1097CDD06F58E4821E"
"source/duke3d/src/winbits.cpp","3470","226A89226BA3BF5BEE4026BFCA5AD49C6293E12AF110CB279202FD2E52E60AF6"
"source/exhumed/gpl-2.0.txt","18092","8177F97513213526DF2CF6184D8FF986C675AFB514D4E68A404010521B880643"
"source/exhumed/rsrc/build.bmp","336056","5201E2E593A6D79B4AB942C6A464B4CD9F6802CE5D9EDC433E55BBB385F3AF3E"
"source/exhumed/rsrc/build_icon.c","26","2266A59454FAFE6A7119EACB0A3792517AD8FD77B6DDB1F4C25AA42FCCB30BF2"
"source/exhumed/rsrc/build_icon.ico","85175","4708652B53A33E63CB19D20DFDE2ED2DAC77EB5714F1BC043C5E40A82D523E46"
"source/exhumed/rsrc/buildres.rc","2918","C05E84615442DBC55C260715340B49140B4553E178EF16D704D0E033AAFA7D37"
"source/exhumed/rsrc/eduke32_icon.c","335","55611E06BBD20B0C9EE48112F2C965622657D3FCA78A2E89BCEABC291B96D6EE"
"source/exhumed/rsrc/eduke32_icon_32px.c","14843","7C63370785A72F8C767C01982210CB2B077E4EF1B56DD7F8B495ECD32FAA84C4"
"source/exhumed/rsrc/eduke32_icon_48px.c","33073","4C30D66A1CE5C2296F3A1BF4113FC78F33AF55EB095AA75DE42B1BC3399A1DF7"
"source/exhumed/rsrc/game.bmp","336054","2A1B9D9E3776240A1AEEE5D27215F249346FFDAFD381B75F5723F1A203009FA2"
"source/exhumed/rsrc/game_icon.c","26","2266A59454FAFE6A7119EACB0A3792517AD8FD77B6DDB1F4C25AA42FCCB30BF2"
"source/exhumed/rsrc/game_icon.ico","108510","9E49D48D251920EEA87AE0C5722922CBB6320EE2DC939FF2D70192D68242F3EA"
"source/exhumed/rsrc/gameres.rc","3698","702E6CC66481043616D72458F7B8C73C4F8CB360642D644975C63007838D27C5"
"source/exhumed/rsrc/manifest.build.xml","1577","FC73D01E72A9C36EA34E2F80391EC8A7EE330DB304ECC6440F4C9384823CF08D"
"source/exhumed/rsrc/manifest.game.xml","1553","55FA2E2779989F30AD9696C3598412CAD6619434DBED94220599439DDC2F956C"
"source/exhumed/src/aistuff.cpp","1717","6D63B9B743646B1E77D774112921453C520BFFE89DCEA0192212EAE8C45FCD88"
"source/exhumed/src/aistuff.h","1402","919FF2889E6F4C2A5904CD7DA987BACBB5D4E94B90163A11FD89B8D36FE3FBF2"
"source/exhumed/src/anims.cpp","11753","33CA2E71345A9B3AD66561A1C587398DBCF7DFB488CD7B18C9A2350C6346E404"
"source/exhumed/src/anims.h","1502","B13D383CA4E92E8E0A2832E89E6EBDF428F8116F2F3077063EBA27778785D985"
"source/exhumed/src/anubis.cpp","16250","9665B65C50D5F67F3A396C91A1FA5717D1DB8BE7A67E517051A9B0030D4E6172"
"source/exhumed/src/anubis.h","1138","8FC24F2094EFCE16E6EBE7E7EF3CE448CC5295FCAAE7347F9A9951C088800E99"
"source/exhumed/src/bubbles.cpp","6872","0876E161E81324A1995C86688A4683E8E6570E98BF47E971E3592135A3ED48C4"
"source/exhumed/src/bubbles.h","1131","D0AAC1D6E18C73EC3C2308C6AD901282CB10EA1D192FAE94165BB5DADDC5537F"
"source/exhumed/src/bullet.cpp","24672","5A7A5E097B6E6CC7CEAA9FD99D0E940084B2D62D840199C4AB073121C3364067"
"source/exhumed/src/bullet.h","1792","9A342A980544652CF87351E5A2E645737DCFB0FDC40C74D8ECC6B9E3631DE5E3"
"source/exhumed/src/cd.cpp","3947","D1B75FADCDB5635EA087FBE1076CEB361CA05A410FCC1E68DBBF8D290CA79398"
"source/exhumed/src/cd.h","1129","BC102AFDBAC6C31F5A4F9D857CB135A70CE5435DA02CD20437C07A64A74E4DB0"
"source/exhumed/src/common.cpp","15918","4319D03D883A8A9A91E6DAA7B11A72AB0D098D09D01A13F756D7E3A49CAB90F4"
"source/exhumed/src/common_game.h","3448","47D0F56177BA8923F86624D8A5659B493C00A9729E14A985CE8D2418D67582AB"
"source/exhumed/src/config.cpp","31914","3680E465FF4E2F576E42DAE1F2AC1B94B34DC0322A061465790A74765AD4BBF9"
"source/exhumed/src/config.h","4788","1E5EF808D5BB9797FAE62B7421EBDBB91BC5543C60F0903EADAD6391A399E356"
"source/exhumed/src/engine.h","1977","23F12DDD35B99998ACAE8F867EEA9BB7C30A538D218114F4403DB56DC1BAC01B"
"source/exhumed/src/enginesubs.cpp","5684","6216077394A42DE2689502001A944B077A9C1C694653E2B5251C58EE1445F9AA"
"source/exhumed/src/exhumed.cpp","80403","5B19406CDFA46432469AECDDF8E898BCB8FE3C818DCF6C7F53F50042D9CC9252"
"source/exhumed/src/exhumed.h","5046","275E70B4CA4A3D8A294EB93D0B716196F7A18710E92140038A629970C26BBECD"
"source/exhumed/src/exscript.cpp","8726","220806421B36FC24C41DA12728FA17967BE54B6B840933574B79873FFDBBA74D"
"source/exhumed/src/exscript.h","968","CBE52C7CB37D266CC5090823E93718E35575106BB53390033F06F49E2B758977"
"source/exhumed/src/fish.cpp","17189","5D512FEA1D1BA23E3EF0F4E54816592108B8F1B5AE6296B5B26B807690788D6D"
"source/exhumed/src/fish.h","1144","77649430754283C2EBAF64F6D88A5C54BD346BBA49515808B7BD506FC6630B62"
"source/exhumed/src/GameListSource.game.h","622","8E64B2A54A4C6A6773E237807F033408F44D89C781DBB89EBB3B4A794485022E"
"source/exhumed/src/GameListSource.game.mm","1637","824AA7BF32D72AA3033D504957C73F641BDEDB0206BB8D3317FA33538733789D"
"source/exhumed/src/grenade.cpp","13859","A3A88D8DE48669671196DDED14610CF9BD1C587E6E0EB59A7F0F594A954A11EE"
"source/exhumed/src/grenade.h","1201","149740D8E6717E8D739C78FF08311888A912DBC008303ECB1358AAE33A2F94E5"
"source/exhumed/src/GrpFile.game.h","479","FAB0F492EB62546CC6195C39E4DA335074357851211E0EFA1E5F3808302856B0"
"source/exhumed/src/GrpFile.game.mm","870","2CA0548096CA16BDC8952CA5164CC34990384C5142062C9C363136F3A24B28D3"
"source/exhumed/src/grpscan.cpp","12841","E9EF87EBDE580513B658BB21E2F6FD08486D3493CC0803842193A8A397B09035"
"source/exhumed/src/grpscan.h","2297","C4B0DD8321EC75C53C2AC98F19437AD67C5BFA6D865150E939FB96400683E985"
"source/exhumed/src/gun.cpp","38663","D965EB0447797AE913F7E7F78927731A0E251F7F63DB5F1788043454213B9066"
"source/exhumed/src/gun.h","1944","AFD23BB92086F5CAECA8720B4D68AFB13003BDD13A3FE3BCF8611A4B52975211"
"source/exhumed/src/init.cpp","31744","D5249233629BAE4F6D2D9E9651B4DD1392DF9F867038D3B4D402756488F182DF"
"source/exhumed/src/init.h","1708","EAAE76EDF27C716632798083657E9A19864FC4BC4EA4F56FC30E165C259C579F"
"source/exhumed/src/input.cpp","4563","FF6EA9FDA507A3E1F7738E4734E7AF31E70A1BD93A74E2EE47EE7D408E3D05AB"
"source/exhumed/src/input.h","1774","A38E375FF04A93466A8876B574CC7355A3642D031616A5556A348144FD8C0100"
"source/exhumed/src/items.cpp","11184","5499CE61704027094053064E1189D3CDF2B9AE81104A99C7EABDB0AD9E57E265"
"source/exhumed/src/items.h","1643","6524998D347631F46542B127FDB8FF53859E3BB04705A2647E7A5B59F2024F24"
"source/exhumed/src/lavadude.cpp","15551","F70523EFF3020F0F00BB1AF8E67055211A302DCD6FDD70CE7FC687D26C85DAD9"
"source/exhumed/src/lavadude.h","1214","280CFC1FA723251C48DE6E04477F615A8AC6436D828F3913E61E982433240358"
"source/exhumed/src/light.cpp","15038","EB8B92AF92DDEF452F2BB072795E90F37507F194526634C90FB1ED4A99E726A6"
"source/exhumed/src/light.h","1758","3DA0FE1F5A7CA79824B2ABD44BA22676BDFEDC423A2CA50C594A1779111A2BFD"
"source/exhumed/src/lighting.cpp","20240","1CBB3CFC186777FF987CF920302597A621063C8EC39663EB0EFC78FE599AC5A8"
"source/exhumed/src/lighting.h","1360","FB75BE0A2DBA51E29D0FA18D707C2CDFD73844E679578D449F78F9D2B08A515A"
"source/exhumed/src/lion.cpp","20503","F5E1BD20765A74FEC9B156DC24337E926BD5099CB0BA08F80CB23DCD4A0F1D6B"
"source/exhumed/src/lion.h","1108","B024E17752965AFEAB8DA4F4F524C3E0ACCFF74350FFCD8D2DF3B8DF577E69D7"
"source/exhumed/src/map.cpp","12115","16FB9F1DF3458EB62E698117431F959F97E9FB40D8CCEE63E08005AB6DF7BACC"
"source/exhumed/src/map.h","1293","2533562C298E22FE56E9BF2DC70CE3925D85FEC39A3078711BF2DFAE791FF9E5"
"source/exhumed/src/memorystream.cpp","2420","34951ACFCCB6ED7A1BD1DF7A9AF048B4645B8D27967DFFDD6789509B8CD944C8"
"source/exhumed/src/memorystream.h","1558","B53F47D2E0367A59140BA28B21A718FFB0061760D4229FEDAF1A4EC2EA047DA1"
"source/exhumed/src/menu.cpp","63343","3F9719B1E6B51E5D41E97918A3CF6F200A3B05100CA150FCC2A1B5C2DFD8C333"
"source/exhumed/src/menu.h","2012","D621DA8142D1A20B802909BEAAB706718DC80C299D5D1402339F735FAEC0EBD0"
"source/exhumed/src/mono.cpp","1945","06234970D073844CA85291EFD1EBAD974739DF7924957193A3D7BEF586BF572F"
"source/exhumed/src/mono.h","960","35C1CA7B8169EC4686B659FB4B4A6F04F82EA4F25767FAC602DD1BCCB33B841C"
"source/exhumed/src/move.cpp","38716","BB4A9EF0EFB722BB48C394885D5C63E2F7BA4C8349608EA814F1629B32002373"
"source/exhumed/src/move.h","2267","D2CD5E6DF18985CD566100875D751382ABC102AA3FC35EF6AF3A64A57071CD67"
"source/exhumed/src/movie.cpp","9381","033DCB667F0D5034027A23D0BE0FF2268D4911E3280834BAFB9A12420A0DD787"
"source/exhumed/src/movie.h","999","2A576297AC72BD8242A129DF65F558B60D845D786634CB0E5D9E4EEBF9A456A3"
"source/exhumed/src/mummy.cpp","17013","CCE5538F3C7C18730BD77D115DDD4162077F792C8BABD22F3A7AF92AEDC7D940"
"source/exhumed/src/mummy.h","1166","0041A16448AAD35AA33741AC76DFBFF799559431BAF9540E12888E773BB3B5CD"
"source/exhumed/src/names.h","140251","9A007C2D90207B047597FBA9A17829A608D3CFEB65E719BD8F7C23626D0CEA2C"
"source/exhumed/src/network.cpp","1310","02DD1C2225BA1E1EEC8B53563BD070E6ED0D6BCE2796CD886708E7D29721FFDA"
"source/exhumed/src/network.h","1142","BD83CBB7507598935933012DF035B758D9F482B0F9C18BAE039CDAC841FDEF35"
"source/exhumed/src/object.cpp","70543","22EFA78363F01695CE173D62FABAA749BE215BFAFC9084EF1201F0054AA7ED0C"
"source/exhumed/src/object.h","2534","7D617CFAA1772F00B80D8460CC288959627E0B40F39058F22CDADA36B85C22BF"
"source/exhumed/src/osdcmds.cpp","29415","AE3020AAFFA5A4B83A18BB452654221DB1B7D1C9D92704480E6C78164402A256"
"source/exhumed/src/osdcmds.h","1282","72359DF79C950F788100483DBC6C8A9E7EA6E7547CAC04BDFADEF935726D5BF1"
"source/exhumed/src/player.cpp","99859","17DB968026DAD072BE48763E06A7B803DA92523AEC0E3D171C1ED6CDB758F24B"
"source/exhumed/src/player.h","3381","0F67E11862A05EC21596DB963E44CBC42B30B2E9B24D5B53DE7E1545F1992AE0"
"source/exhumed/src/queen.cpp","45397","0C0E675A60DC40E2FBAEEB042F2E2566A0DDE0F2D7445B2E38F1998741F6F099"
"source/exhumed/src/queen.h","1191","AED6DFE74B7AF94CC452485A63DC80BC0BE4A9ECDE8150B1B6A1F15D0476F4CC"
"source/exhumed/src/ra.cpp","8707","F8CF67850CF64A296A7AD3D7A64C5B322B0580036CB09867E7585D72B3ED7678"
"source/exhumed/src/ra.h","1292","D07A95546BD209552A1FD39DC3FD7565F0A160F6E480D3BDAFAD7D758238C631"
"source/exhumed/src/ramses.cpp","14761","923179B9412D6355D609982FD95760BF382B656F0721E57BA9779ACAB59373F7"
"source/exhumed/src/ramses.h","1060","6B18F52845F6512EBF203513BE82AE2DC398D25200FD38BA41AEF5ACC6BD5695"
"source/exhumed/src/random.cpp","2243","A0A297AA1AFABE94AC97707AC4AE3C277993808032091EA30DCF2F283A7AF814"
"source/exhumed/src/random.h","1106","092C966706E5C68EA2EA2BF19B5EECF22EE3997F20457BFAB3C1D0292E9173E9"
"source/exhumed/src/rat.cpp","11698","D87B535C92A69BC98552AB6C41E86ADCBAB21A77D2A0DF75DAD3661F9FAB0B1E"
"source/exhumed/src/rat.h","1171","CFE45109CF2EEBC8CE557EA0DD094A4E41F4FFFE59DA008F623C6C4BB828F7C6"
"source/exhumed/src/record.cpp","3591","EF6C45DDE1BB5456E8D00704CCB54BCE7341351A206B1DACFE0F7A4DC96B74E5"
"source/exhumed/src/record.h","989","EA063BF4AF74571186BE9AD779EA080C47630139AC62A37FD707DE47A898B8D8"
"source/exhumed/src/rex.cpp","16060","7A3F5FA3733A13765CEDA6A1A084224E84179CC183085203735036624060E8D3"
"source/exhumed/src/rex.h","1096","D4F50172FBFF5007862B0A39784E092399F44A6AB26DC943C1FA9CB07DAEED7E"
"source/exhumed/src/roach.cpp","13498","5506890D816B281537ED997EE65E5925C3878A3900D322F49501897657228994"
"source/exhumed/src/roach.h","1135","FDF6E6C0316BBD77ADAA3BC401CE2060FB9DAE829464CB4F8E15FAB7A2B5AF91"
"source/exhumed/src/runlist.cpp","50775","20F0797ACF2C19B5BA166B0DD89F3C70B4CE0D026BDB91B3E60E14E66476D3D6"
"source/exhumed/src/runlist.h","3096","E43898DA7ADF7C2314FD52A75E741E838EC706FBD6F348739D15454C25DCF99A"
"source/exhumed/src/save.cpp","16297","6657787C7BFF3EF9FD0A9466EB01E742F4F31BEC8DA1D465369E5B946E66D122"
"source/exhumed/src/save.h","1647","4ED11260A4FFB2ED974CAF94802E0F23A7520A813302F7F41DFE0DCBA6E4CC79"
"source/exhumed/src/scorp.cpp","15541","40CF5C876A9AB73F9C6BE6D86A6CD00E3654B288F2ACD6451A35A3FD9514F6B0"
"source/exhumed/src/scorp.h","1178","246B3870570889363BFC6E52DD7AD6345259228B7D6A638CFE12C7C872A4820F"
"source/exhumed/src/sequence.cpp","16649","E6D79317578AA350610500BDD1D6A79343BCA38752F762A828C4D664B174565B"
"source/exhumed/src/sequence.h","3298","F062C0EB1AFAB2114E6BFF3CBC28001F3E1465EC629A4523909558BC8F91A060"
"source/exhumed/src/serial.cpp","1089","A2DC5288569F002AD66EAC0107C202A1E9817025B885C7BF3063D3303FB290DB"
"source/exhumed/src/serial.h","1075","F3D91424B246C5F47C76EFF2D861C15370469A58F0A95EAB6AEE09983694912F"
"source/exhumed/src/set.cpp","22237","184DD7D8F10BF263BB893460009DE54455BDE5F9C9A53B2FEDE1B079865559B6"
"source/exhumed/src/set.h","1148","4B300880BC95F93ECD300FD160950C5FC6C12E6F438203AFCB7108F1D1A19130"
"source/exhumed/src/snake.cpp","12760","A3C8E816FE155894B14B9B43E3C06582807B934F5114B84D025CF65C4E4B171C"
"source/exhumed/src/snake.h","1462","167721A7DB2BC86D618AB524E2EAF787B027A4E3E19A60FC072815A6A932947E"
"source/exhumed/src/sound.cpp","31002","4C6C36216E57886336249F7663CDC5D06E95CA0E3933AC505EE57FE9EA2CA308"
"source/exhumed/src/sound.h","3538","DB4191020DCFBFE143A22979C81F37B576C06C04D6060EF6E8B83E668F35A75C"
"source/exhumed/src/spider.cpp","15061","94EADC1852A132635FDAD240905C21833C6AA430F0F0CF38FFC6BA9EEE024025"
"source/exhumed/src/spider.h","1157","B6CB53876CBD7C3FD67369B914784A11822FF8B8449687860F4781A75FE88BDA"
"source/exhumed/src/startgtk.game.cpp","32795","15BE556A2CCBEED2D3B6B16A0B06327C91E9FFB8605210EAF0FFEB9E7C8DA2EA"
"source/exhumed/src/startosx.game.mm","24049","42BD22909DD53BDE2A70B2E7E3E75EBD2CE09A46C8A7AD876FE12674E91CD8FD"
"source/exhumed/src/startwin.game.cpp","21742","C451E94692261BDA5CCF8DE442A1BC54A996379E363A2E5E037B01A7404F3150"
"source/exhumed/src/startwin.game.h","1502","C733C2C72228B891A05CD63F204F671E817C30A3442353E709551F12FEF4D73B"
"source/exhumed/src/status.cpp","21912","9744E7A39F23E0EB28439A250E30B8DE6626601C8E97B0E0742EFF121B93C644"
"source/exhumed/src/status.h","1585","D73F9AC6DB0DC8730B697386EBA880F6DD673FFF0FA1BDBEC70D7388D4647506"
"source/exhumed/src/stream.cpp","932","F32E10236B7C0E744F9CBA1A6B928F9F0432FB89522AC8F118416D1D0E546B91"
"source/exhumed/src/stream.h","964","996971044C64FC083C4904B6C69A643374EB7D22F3ED7CC0CCA97440EA9524ED"
"source/exhumed/src/switch.cpp","14344","79B534AB0D7210453F38F1C4954E0D30E8F32A03ED291A8BF0ABA6C899647A8C"
"source/exhumed/src/switch.h","1662","9CF20DD5B64BB307FBFFD8123FE4EE8B4A058B8D548B4A870E8176ADF0A00892"
"source/exhumed/src/text2.cpp","931","3001D0AB4F5A80B4497C536870864D2A649D6903C52A80D7D4FE383517754269"
"source/exhumed/src/text2.h","962","517A5867AAD11360EF2769CC19B79D2395437EBBCC94F70F0835903B27007EC0"
"source/exhumed/src/timer.cpp","1120","465BBBE6C260E8D2FE8F51514373EC823454000D5F1BA2114D3E2BCFC1DB893C"
"source/exhumed/src/timer.h","1051","3E8B92A1158B10129BE56B9369B28E921141DC4EA38B6C234DD7E5538399BD2A"
"source/exhumed/src/trigdat.cpp","11319","A4AF6E60A0114F55317F3D688ABCDFA5CBD7C04638F21B911C70B539FABE5BAF"
"source/exhumed/src/trigdat.h","1092","C6BF35092726EB457D3DEDD4C375BCA28D157B31DADFFB3B86351B923E196F67"
"source/exhumed/src/typedefs.h","1014","DA043F0DFE8ED1487BCF355DF608BC6A211C39873E156B7C6A1E18F92BC3EA4D"
"source/exhumed/src/util.h","1287","33D5312147CC4A23E6E4D1C0127AA99080DF2D9E587D43ED51D5248091B9B841"
"source/exhumed/src/version.cpp","983","3BD3F05C615AA69A26F4624942BEA07234195AFA4DC7ADB34971F4FB8E5A68F6"
"source/exhumed/src/version.h","996","9C7C1E93180B7E2A898E5AE83F16FE39F14EF977C31193D6E3342337843373F8"
"source/exhumed/src/view.cpp","22019","38C96E53887A31DB5691C4312B2F93D3A3A23569C00F93EECB648921C2F5C664"
"source/exhumed/src/view.h","2007","BAF2ECAF1D909BF833384D460E37E96B46C0F406D04129757A8849F5124BF8D9"
"source/exhumed/src/wasp.cpp","12559","D15737D05377A7499A213B9F62E59DA74CE350F45018BCE40BED8BDBE34D8632"
"source/exhumed/src/wasp.h","1178","9A35C3436FC14D4905A4DEC7D9CACFA55EFFF80490E4D078EE0C9310F08213A5"
"source/exhumed/src/winbits.cpp","3363","99E8B27C74A5E9847C0E25D46CC67A3A37D5512677418E54A9B2F9D3A954075F"
"source/glad/include/glad/glad.h","205323","3CA537578AE962DA1AF1E0E787DD45821B981B0920D0E10DE63CA78E500C2C2E"
"source/glad/include/glad/glad_wgl.h","7812","7261BDDC0F8169E1364ABD7FE6EDE6658DD17DA4A65A1470B2EE6DC7B24ECA2D"
"source/glad/include/KHR/khrplatform.h","11131","7B1E01AAA7AD8F6FC34B5C7BDF79EBF5189BB09E2C4D2E79FC5D350623D11E83"
"source/glad/src/glad.c","131843","CB8504D5D7DF705F7FF040F79618F8002C357CB5307DEF29D684EA4BBE45F60F"
"source/glad/src/glad_wgl.c","8495","F3CF1DBA3EF3BF3F29E2FEC0F1B4D7B01CAD260F21657F2DCA362DE432034051"
"source/hmpplay/include/hmpplay.h","1597","1C308A6DB0C8BA784814A37769F5957CE52459FA24EAE156966C6A217C7B07F7"
"source/hmpplay/src/fmmidi3.cpp","24651","B0E570A772FB05A52629ADFA69F814CF6DC1118B3477746947AC8E58844138DD"
"source/hmpplay/src/hmpplay.cpp","67748","3C49FA5B1A72E49A10BA208986DB2F84D927A478F8CD8F8C77BDF916C0CA9FFB"
"source/imgui/include/imconfig.h","12172","0B880A6CA2FC2B5FD3487ADB5F92AED8B147BDCC052FB926589EF45392963EED"
"source/imgui/include/imgui.h","419762","3AFE47233372B7D6E02633CF6A42506BFA6C7FC9E2DB054577A669B62AF072E1"
"source/imgui/include/imgui_impl_opengl3.h","3814","61316C5F27F9993FB543A12DB36580F4C4479E611FB36EF10CD76E17B35E2999"
"source/imgui/include/imgui_impl_opengl3_loader.h","41175","D3AA3E1F3D23C8C88817832E17D8DD0F2D0B599AE28430067C3FAD563B8B7CD5"
"source/imgui/include/imgui_impl_sdl2.h","3211","240B4BF61BE07C56C6F6694EFBD8D5A3D4C4D0735985C9982D771F04D40593CD"
"source/imgui/include/imgui_impl_win32.h","3544","CF5401115C6D1E9DD8588F4695DBA3F94A3B756DA63BBA76F6EAC75035955F91"
"source/imgui/include/imgui_internal.h","300045","A91E4A1F2489E8A14160A61665994D78F908A12A44EA980CEB0BD2B2DD1C953C"
"source/imgui/include/imstb_rectpack.h","20344","2EFA3D5F7D003C19743B15155DAD9F46D9F9FC783A18893D703B431D3C990972"
"source/imgui/include/imstb_textedit.h","60111","A985F5FA0ED97353D493B497961E9EEF52082EDCD045CF6954B69990EC9D0741"
"source/imgui/include/imstb_truetype.h","199503","88F0A25E27F5EEFD6EC50C42FC5FE3026AA8170603EFA08AA18D622DB8660923"
"source/imgui/src/imgui.cpp","949909","684474DC686CD1D45E8B10332268A65DAE34B93288066B8754B274D116676430"
"source/imgui/src/imgui_demo.cpp","571323","5A2543A8A9077330C9E6ACF8FEE45A4FD8B4E5ADAE41C35B41B205A63E1559BC"
"source/imgui/src/imgui_draw.cpp","389413","56888A362C4074687CBA8A2D4B80ADEF8DEDBC5EFBCC88DFAFFCB56C6EB186F6"
"source/imgui/src/imgui_impl_opengl3.cpp","54728","C4DCAF989498D1347706665686710CD7550E0DED3A18306C8F1BC10FD9DC0645"
"source/imgui/src/imgui_impl_sdl2.cpp","49804","504F73ED8C20C0E106CD429497E391729374E456A108E61B65789EE7F1C93837"
"source/imgui/src/imgui_impl_win32.cpp","52620","FFF3B2A833C86775B771CD230FD47FBDABEC739396CE276C5EAB876F5B580AF2"
"source/imgui/src/imgui_tables.cpp","250762","502F9BEB872A39EE5C14AEB84F5E9998C19F3F067BD160D53B6E4A33581BBCFC"
"source/imgui/src/imgui_widgets.cpp","539413","1B95214F2171AEEE621528B01A6EF358C1975B1CC991083560AD13F95540EDE0"
"source/kenbuild/buildlic.txt","3087","54856EF1E01F294F2AEF48C2E094DECEAC489E9533BE55F1C946DA8A44808519"
"source/kenbuild/rsrc/build.bmp","26774","889F4D1B81A80D9E20712069402BCDCE7B8E0BB4940676AE20C00E91328626CB"
"source/kenbuild/rsrc/build.xcf","129379","0D1ADD33AE6BE08BE4E15992FFE9BC6A5E7761987D485D353EC4091BE91D7048"
"source/kenbuild/rsrc/build_icon.c","184018","D996DDB8DEBBF97A0796A1B19694FCBB5F3D92A75E088171E799CBBBAF06619D"
"source/kenbuild/rsrc/build_icon.icns","52675","1F66AF5A19DAACA66FB226E01684AA1BA173F1DE1C60EDED1D87236C2B5DFC80"
"source/kenbuild/rsrc/build_icon.ico","70638","B3E41604F489148B889E8096C12091C19ACE410D7FB4F6CAEB52857E23C11ED9"
"source/kenbuild/rsrc/build_icon.png","19272","5826D8982709B62BCCF62157C56BF13BFD549B9B954186A2A3805F1FBB9F1256"
"source/kenbuild/rsrc/build_icon.xcf","346365","D7E2B5E6BF18A949D08800E40EE08FE3BE358BDBE1F890029213EAE3AC0056EE"
"source/kenbuild/rsrc/buildres.rc","2903","DE973F37156B97C99226AC12236F62D5EC36C509DFF7389560B6BC30C7701D5C"
"source/kenbuild/rsrc/game.bmp","26774","9189438CC3CE24A4231170FEF805D28CA2853423B705BA9F819B9BB8EC27FE25"
"source/kenbuild/rsrc/game.xcf","86377","EE6E8822C2701CEC57E0F3979E7F71152A22B9320B31C0CEE1C55930166FAE09"
"source/kenbuild/rsrc/game_icon.c","53416","4DFE536572A19D7092A569EE5D187F339B736EA71E4A87335389EE906896C3AC"
"source/kenbuild/rsrc/game_icon.ico","8686","C73195B3D6406EBACB6A44599F8F08B2913AD68A93A6E54D2B8FE2DB39E5EF17"
"source/kenbuild/rsrc/game_icon.png","1315","689BF22A597FE4D45669E0F3155467753EEC358F39E3EB895B8CC0E15B1D78D1"
"source/kenbuild/rsrc/game32_icon.c","12392","ED6D9B070D767D7D6986AC7AD3E499A619BD367378ADB746D1A0425FCD86BF56"
"source/kenbuild/rsrc/gameres.rc","2627","6C1BE49B86FEE901B9F8388F90D6FBF010F3ECB1867E54E4656E54DDBA3D53BE"
"source/kenbuild/rsrc/manifest.build.xml","1631","FE46940D82A630962129B13829CDF3E473512555CFC54205EF932058138FD07D"
"source/kenbuild/rsrc/manifest.game.xml","1613","5ECC274F395AFF4B51A11972F8DE062D0EC12E311D989CD76E6B48EE8EA5077A"
"source/kenbuild/src/bstub.cpp","21229","3F589D492210DE37BF04C5D596E4A682F128F07547B60211FCA7A018C25B47E9"
"source/kenbuild/src/common.cpp","5414","518057827E89E256EF6485D5C46CE87D8F700FAF693FFD1B538C4F446D12205D"
"source/kenbuild/src/common_game.h","545","94A044D7F62B0C3BCEBF8B53DFB03A3A43C12AC40C145C11B916B78834359128"
"source/kenbuild/src/config.cpp","11565","69330864E7095821CCBB5A67273E2AFA9B60AE9A1A58F682450EAD81CF1CB5AF"
"source/kenbuild/src/game.cpp","245893","49795B9DB6FB866FC3D819834D3E2576FA1C806039923D251CBA574AF78A79E2"
"source/kenbuild/src/game.h","2557","F3A09DE18366543DC6025BF91A607468676F1BA01228336185542D99033B4781"
"source/kenbuild/src/kdmeng.cpp","23528","9BE3473124324FBA625C68C539F709FB3FAD6D227CB3A91126ED2F19697329AF"
"source/kenbuild/src/keys.h","3030","7D8A5B5EDAC11161DF4A729045298923015EB048FE73CC177F4A775C2C63FD87"
"source/kenbuild/src/names.h","1082","5EB095129B9D964B5458A60190109B5EB29885752272BBDC536F8B48E282E024"
"source/kenbuild/src/sound_stub.cpp","1497","C1475E8F812D75A7511A25CD7429C078D3A80F410758577FB1207003B06ACE12"
"source/kenbuild/src/startgtk.game.cpp","19920","FB1E2157708073B3B4AF613F05C8D602FB333C0613176AACD7ED136EAB5DAEC5"
"source/kenbuild/src/StartupWinController.game.mm","20494","AF557FB74BC0F9DEF5BE2DA0DFCE5E621EED19FCB3880C2C05217503FD62EC33"
"source/kenbuild/src/startwin.game.cpp","13618","9070835A754B6622DC09EB0C500C39FC6757468886A36D32A5608370153CA1DF"
"source/kenbuild/src/startwin.game.h","446","C84596FB10A88D7934770567C00A3D2360A9893496AB5D00F5ED4B1CD3C03715"
"source/libsmackerdec/COPYING","26528","03FE7CA91CC28E99B4003D5B3BD4CE3B084D4C475FDF9975CF0E7FDF4DC739CD"
"source/libsmackerdec/include/BitReader.h","1397","720CCF501BCE9570F5F163A8A4F6B2B4B4DC74220AE53959A3748773C1146526"
"source/libsmackerdec/include/FileStream.h","1550","356A8B3576C14082BBBA1215B665BEED3E65FEFAA2E4B9339DDD608A4705ACE3"
"source/libsmackerdec/include/HuffmanVLC.h","1341","097961A308115B80C4AC487C096CB3429FF383310292A49F58F57581F219678F"
"source/libsmackerdec/include/LogError.h","1019","5B2AA23A3016EC267789460492445523B7D819D6F529D87C04246DC77312CFA7"
"source/libsmackerdec/include/SmackerDecoder.h","5418","8C58E0D6A449429945F5BC3F7F90C2FAF54BEBDF0C3AC135CB1E4E29B802253C"
"source/libsmackerdec/src/BitReader.cpp","1816","3FB7BC464075F44871BB64A8E52ED9192CE81A58AC512C675E6A3F22C873DF77"
"source/libsmackerdec/src/FileStream.cpp","2496","673D32AC4F300089F295F7403969519C4DF08B021A7219E89199C2BCEF45209B"
"source/libsmackerdec/src/HuffmanVLC.cpp","1794","EC1691F47B4BDB5D96CA3865D39327990D8D73B78BA38C17CBA509C45BA6B5EB"
"source/libsmackerdec/src/LogError.cpp","1022","6EFA5D98F108286422E650CF3267BF2CE39249CD90C830324EDF05D47CDBA19A"
"source/libsmackerdec/src/SmackerDecoder.cpp","29431","D3AF48F391124FB0349DA6CFDD742B45C14343D4EF754BC8F2786B027D7A1E78"
"source/libxmp-lite/include/libxmp-lite/xmp.h","15403","C662F20ABBEC11724CACEE423AE90C7ED2CDD3CF25342A78805C6622D3D9013B"
"source/libxmp-lite/README","1902","2E448A1FB717C50FC25E3E029382964C913A5835CE11DD883B474652420D197F"
"source/libxmp-lite/src/common.c","14729","3D1EBE0606B34F63EF85C3FFB6FB77646BDC94C699FFA7E08013D788132C2793"
"source/libxmp-lite/src/common.h","15938","C39462D73A9372890E674D9928A52ADA9BA787A16957E8DFCF1B4B0D422480C4"
"source/libxmp-lite/src/control.c","14011","BF1A75296EBAF77C42B31AB5A22AEF39A9D768B79C44D72BCF63D3047BB509EE"
"source/libxmp-lite/src/dataio.c","4305","B58A96AD8B643FC52688EEDDB643E0AAE841EC20A2464EEC456E2CC514EC0E3A"
"source/libxmp-lite/src/effects.c","27822","06CDACC52BC16A02B0D42E41A30F9862D2F9EA082D6354727E5AFB131294392D"
"source/libxmp-lite/src/effects.h","4895","B77F561499D291E4E33DB8F8FA59220BB6CCACC8037AF63EC4781A4B29C6BFDE"
"source/libxmp-lite/src/filter.c","5411","2248C6EC510E4C10E9C3700604BBB193E27F8B120B0688ACAEB4B2AFE8481029"
"source/libxmp-lite/src/format.c","3463","D27971E6E333F78C5C547CE0415701ECD3B3DA6216D280D007B4C87B22FAFA43"
"source/libxmp-lite/src/format.h","4250","F26AA418B41A4A89227A609FD02E99BA3E73A1B2B767B34A1F79C827B17DAD4A"
"source/libxmp-lite/src/hio.c","11450","E77256BAE0E23B9B91AB0EF3781AE0D7B5AD5BCFD7B895EE9357A2714FA87059"
"source/libxmp-lite/src/hio.h","1540","C2792F7B7165442F13611A86BA3105555C546FC6D7A60A320365ABCAB4FB97C3"
"source/libxmp-lite/src/it.h","6403","895DB082D637A5C52C55661C8B0C1D31AC0A6DC1AC32B48E0EE814C4E54293FE"
"source/libxmp-lite/src/it_load.c","33257","A7157BE8ADFEB6DF8C75678C67B3D13FB0B282AA55DB48465CA97A911D02EC88"
"source/libxmp-lite/src/itsex.c","4283","0BCC6CB170FC8DA89C987C484C410E8234ABE7613906E40AEEAB556E6C5AD5BE"
"source/libxmp-lite/src/lfo.c","3847","770A35D815CF4DBB5237783904B742EBDA8C23E486D292724C0B170C8F47577D"
"source/libxmp-lite/src/lfo.h","422","7D30B6172DBC96CF37EE53357974D73BE13481EC61864728EE8F5C96BDC5F52D"
"source/libxmp-lite/src/list.h","3360","0CA45C669A41B05C8EA61F8F6F0A6076049358553BE411E7C84B105F907D838E"
"source/libxmp-lite/src/load.c","12073","6A9FE7890D7C8A547DC87F683D12254DED5CEF25C18B00C0E5B0E122341757E7"
"source/libxmp-lite/src/load_helpers.c","10952","EDE97A9892690D68E2DD8F4E66C4A13C74F8A03317AAB3FC1F69E8A6AED77B10"
"source/libxmp-lite/src/loader.h","2948","B70303223020987E3C4E9CAD76D7988AFBEC39336AF2E6A5F540DEA1B2827DF8"
"source/libxmp-lite/src/mdataio.h","2200","D6DB8601735C1B83AE9EE0E2BFBDCF7DEB39E29E44F06479C72CEE0C23CB18DA"
"source/libxmp-lite/src/memio.c","2614","20D4F371AEC6F4142A55A44711E918CCCB5B049E83DBF30A7A1C2BCB408B7270"
"source/libxmp-lite/src/memio.h","465","FA2F18F21512E512061DE656117B98C1F67CF2694E040B801B8024FD3C0F5AFB"
"source/libxmp-lite/src/mix_all.c","12001","8245D2CA8AEAD00D748E746F81D1D9DAB85AD7541A872903DAFC3F5462345AD4"
"source/libxmp-lite/src/mixer.c","24479","4249EF7FCC721C001B23E18BAA3A4061704931A287147005125C8B509E29EF4D"
"source/libxmp-lite/src/mixer.h","2607","92DC68B3D9DFC61B518D6F67750406E3AD61EB27CC8B21F5E89BD37EE7EC35CC"
"source/libxmp-lite/src/mod.h","2041","1D34BCE2EA865FE753B85FC72367DF15CF2013603FBD466D2823C93268421E26"
"source/libxmp-lite/src/mod_load.c","23291","D3C166E0360382165BD43F04324840ED2C5ED54A43CB2A188BFC7C3AE7230E24"
"source/libxmp-lite/src/mtm_load.c","9308","CB490B58AF5D48EA95A45B75FDD2A1ED8D33F37320E1DAB8C9198EEB3A036CCF"
"source/libxmp-lite/src/period.c","7691","94B995FF77B24C2000E392CEED6FDBC6169C7DA15A894139D921B0A6EE5B5F2F"
"source/libxmp-lite/src/period.h","778","896B5885A2BB0DB4894626EE6AC8CEFA0E1C42BA3BC47FB004BB79E104262F31"
"source/libxmp-lite/src/player.c","53897","57BF43F975A0B14FF95161BD2C5B84196E3C61E3F30496EEE9CC0BB4B8A3956B"
"source/libxmp-lite/src/player.h","8099","7ABE1961E992FBDA94E69978726177A274887187AC1CF32D28A40C4A80E8C2CE"
"source/libxmp-lite/src/precomp_lut.h","26834","B95677911D4FB28906C981FC513016FF937F01EE8599A5251A4736133E9FEFD7"
"source/libxmp-lite/src/read_event.c","39211","655749E86DCB27164986D89E29286A4D7300C4202C8507B1A81EFCBF3D057F0B"
"source/libxmp-lite/src/s3m.h","4489","33E98DB3049FB34BC8D31E33F153ECD8FC78D09FD47E869309BAB2CABE970B06"
"source/libxmp-lite/src/s3m_load.c","17373","023E3B66362052E45F489D79BBF5FFD37652E9C7398AF81301311C53B986C14C"
"source/libxmp-lite/src/sample.c","9109","BA3A8204BA466C9A6BC20284E4D83887D987CB7CFCB78C72EEBCDC3DDDBB9E42"
"source/libxmp-lite/src/scan.c","18097","E6FF6651917280F0C771BAFF284C53FA2152549B1E1962F26B0302712B3E4FB1"
"source/libxmp-lite/src/smix.c","7734","8F4DC041150BBC54C336AE330E50C9CAAE9F10EC9F85F7E9368D723AA90D7640"
"source/libxmp-lite/src/virtual.c","13334","A4EBE90B3DB8003AEB6EBCA0A269B60211B91D0096F3662ABDD599068CDFC005"
"source/libxmp-lite/src/virtual.h","1674","784701FFED4BC333264DFC41EE3614E67996DF07E01A3BB721BCB5F0647770DE"
"source/libxmp-lite/src/win32.c","894","2412E163A7AAE1AD5B4209493A658F71502C05733452DD7B074127487623C4CB"
"source/libxmp-lite/src/xm.h","3477","4F57AC188AC085E54BEE66CC23B674B2CDE69447B86DD7C9DF042A73187F7551"
"source/libxmp-lite/src/xm_load.c","24748","83C12F4F01757F006CB48C13C7ACD26194EBF86999C31031F94E9B7E6C88DE15"
"source/mact/gpl-2.0.txt","18092","8177F97513213526DF2CF6184D8FF986C675AFB514D4E68A404010521B880643"
"source/mact/include/_control.h","3782","E16614F24815F95B907CCD82B68BA22C56554F6E55D9BDB54F494D4580629932"
"source/mact/include/animlib.h","5753","C1AB99DEC35734601F1583BD7F986D67739F049741FF4EE83C7F9E469022DDCA"
"source/mact/include/control.h","6536","67F036280DF20DE8CDFBB5F50CCEB95D606945414F0A681395FE0542830CAF89"
"source/mact/include/joystick.h","1677","22687FFD0B6124D27E180AB53D60622704972BC4D4CA228BAE0E8CF603C22D69"
"source/mact/include/keyboard.h","5037","1C9FBAE4AA9FA781AB6CF2B2D9F9CB156A3150C6F867D562012E93B81C64495F"
"source/mact/include/mouse.h","1989","4CE8EA5E5AB424AD7B782983FCF7FFEE07939C42A42E738145BD69302111E8F1"
"source/mact/include/scriplib.h","3417","7DB994E3A93EEEB8961B444263D39DBCBF593BC4424FBBA25504DB7B71C7F23B"
"source/mact/src/_scrplib.h","3365","8B6D28A6447682051E4363573E78A03412BCFEBED16E8BAB3119D80D34F67870"
"source/mact/src/animlib.cpp","9265","457954D692636B3B95409D1707A3174FCC59B8CA9D6FBC3EFF9C67F20080E282"
"source/mact/src/control.cpp","25799","2187930328B9C70828FE1CA9E6CB7495CCBAE2E53C031665BCB4C4D6CAE4EF2C"
"source/mact/src/joystick.cpp","2395","339218FA365E622CF1FA6C02F1848BC51E7D7B3B4CFCE750F177E5086C88EF18"
"source/mact/src/keyboard.cpp","1668","FB5ACAECF03E34BE81D1A1DDC4B2FB5A5A8A35B7A6EFCCBE98F4AFD262452132"
"source/mact/src/scriplib.cpp","24149","8F78ECE7A7028EC7CF4F71C0B74E44D4CD019C7EDBBFC685AC3ECAC40FDABA99"
"source/mimalloc/include/mimalloc.h","38619","C44BC5F243AE0D636ECFCF78DD24504BFE8D28302EBCC2BD864F79F0F47344BF"
"source/mimalloc/include/mimalloc/atomic.h","19916","219071C50ADFFE460FFAC5A5970452AC1B1054CA3702646ACB0FAB47636F0469"
"source/mimalloc/include/mimalloc/internal.h","38047","7B6D400877FE97B7AA835D92F6E6708766553CCA9BE5ED6BEEA2B164D65676F2"
"source/mimalloc/include/mimalloc/prim.h","16694","17EE7EB835D8F4C0E7EA8C1EF7813FC24ADADA79C90DDDDC83777721943C8953"
"source/mimalloc/include/mimalloc/track.h","5404","083C3FECA95D618EABBEE83E72F9158FBFCF20C37D67E8625A19089B5A350BE5"
"source/mimalloc/include/mimalloc/types.h","29113","7EADD6520767704ABC83E4B4BE4AACF57453500F224E15F348AE013422CFDBF1"
"source/mimalloc/include/mimalloc-new-delete.h","4044","DD4F25CAE53209D45D73F8E6A2B9C219E8FC7434D97F20EBA9AF1A8B850030FD"
"source/mimalloc/include/mimalloc-override.h","3165","243DB1B073CE985873545B746288546EFB8CCADEB9860E674A7F0F701AF8BAC9"
"source/mimalloc/LICENSE","1096","19C99805E7A44A34B297A75D1EDEA9985E300066DFC024D5C99D4236D4573B5D"
"source/mimalloc/readme.md","48306","17D9D366093D401EF12159D59899AC74839650455174B87334F20BEA3BA9F92B"
"source/mimalloc/src/alloc.c","24599","7C38963BCCAC3385B86CD171F66D69E8A1CBA41DF391378BE87268C14F41302D"
"source/mimalloc/src/alloc-aligned.c","15382","C624B608DF6FC28E51B9267216CE24C20150FFC3CB089E6578D5CB588CEEAF25"
"source/mimalloc/src/alloc-override.c","17169","F9541AD5B01533DEFCBFCD59498AA22B847D6761366EA365036CB681EAE2ACE7"
"source/mimalloc/src/alloc-posix.c","6618","4110C34BBD3F212055354CCA73303ACC773F383A84E37E8DB9D4DF95338E374D"
"source/mimalloc/src/arena.c","42554","C0295D72F65B89E684CA77612572D503C6D8F2ED9893390B67505D591711ED14"
"source/mimalloc/src/arena-abandon.c","17118","738166B543F28F8047FDB1E1620659509CE87A4EBB7A79FDA5BB04779012957E"
"source/mimalloc/src/bitmap.c","17899","8C3B4447986F86F8FC696D6F58DA05C763AB3564FFC427B050769DFAC8012475"
"source/mimalloc/src/bitmap.h","5573","CF44B2512F86D7A55226F1ED8DEBBBFBF7F48BE5E153A742C08FB182EEFEC7E7"
"source/mimalloc/src/free.c","22743","A7D83897240EDC8130A695851E3DBA810FF91453C79C20BA8CD4F6448FBD36C8"
"source/mimalloc/src/heap.c","24258","45D5830F6DAA7F2B4FD91A403F176F3F31A21C63F34E01BA6B12E33AC6E046DB"
"source/mimalloc/src/init.c","23257","4A916DA2AA8C109E63C0BF7404E0C4386F01B53352734C3EA79B15345FA3B1EA"
"source/mimalloc/src/libc.c","8312","3890196791BB6BACAB93F3C09791EF9FAA128D8BE226B701FF72EB9BBE3CF697"
"source/mimalloc/src/options.c","23430","AE9DC59B7B088B66A6EF334E99F7DB4EC56384FA8BFFECC0762E16DF6BCC44D1"
"source/mimalloc/src/os.c","28251","377EAE6E0677AAE2F3F45F31F2C4090769529A532AF586C150D7E2A18ED639DA"
"source/mimalloc/src/page.c","35759","F6A080616221FC008D25E7B99AF0ECBFDEEE199260D43CEC3FAB0169AEFE088D"
"source/mimalloc/src/page-queue.c","11763","15449164223B0CA2C7F4AF7F2EC1DBDDC9B85E34FD0315E1F20861F146A20E16"
"source/mimalloc/src/prim/emscripten/prim.c","7465","E15AC95056B0858559D6F12531616D6C8DBA21E43C96C51EFC40EED7DA3942E4"
"source/mimalloc/src/prim/osx/alloc-override-zone.c","13687","4702CAC8B0E0DEB047A467C1A1E48E0E1C95A1B906669ABC07E780BBC2485184"
"source/mimalloc/src/prim/osx/prim.c","489","247A9952465EB105BE03A9962E922B085CE5D52034775551A61CD8594275BE73"
"source/mimalloc/src/prim/prim.c","2419","20DEE6B4ADE94866CBE9210DEEFF47E1F3E957274C2FF5B2669F72826DEF10C9"
"source/mimalloc/src/prim/readme.md","456","792531421C247FCA0766FF7630057EC491173578CA4D1919AE34F05EB289CCF4"
"source/mimalloc/src/prim/unix/prim.c","29308","B9BEBF32359901B8F975B47DA27AA5EDB8FB5B15CFE99BE26A3E9022DE93E06E"
"source/mimalloc/src/prim/wasi/prim.c","8255","71B00144353925E5E9A81D1DB746BC90F065447C1E03FD217DE5147BD1225EFA"
"source/mimalloc/src/prim/windows/etw.h","36194","4F3110EF2054C95CB275BE96CB279224D3D46A728C5117BD1435425F382DE778"
"source/mimalloc/src/prim/windows/etw.man","3926","445E6A70F9728FCC76A5BA52079336064D5E2257C2969023F1C64BF943776F54"
"source/mimalloc/src/prim/windows/etw-mimalloc.wprp","2525","F70E61A1F2FE63DA2F51C581895CF4A0918A9BFFB0CF8600171F297141446962"
"source/mimalloc/src/prim/windows/prim.c","30727","9F29071366BE714C6F2418EE6E2F678DE383B9B00E5A93A773DE055038A94D24"
"source/mimalloc/src/prim/windows/readme.md","548","1BCB43EEF7FCDDF6D8F18C6D5EE9BD350090ED183A1009D4F1C9B4D81A205BB9"
"source/mimalloc/src/random.c","8969","D642A722E93E6E5F2FB49881FEFDA72AB05D0D43838EC727871E82E6A684F6CD"
"source/mimalloc/src/segment.c","53524","87AC008EAA438F2C4532E2E12FB99B01F16465F735ECE681B335B1C8BE656478"
"source/mimalloc/src/segment-map.c","5732","BBB1F68ADFB31B850C1ED3570CD88FC7A8BC4BD644FBA9F528000019F25E10DC"
"source/mimalloc/src/static.c","1296","81E27487E494D2B32CB16A2605D61EE64FE3A71C409D5BE3A673950FF769BD73"
"source/mimalloc/src/stats.c","17872","6DA0B792B3E48EC8D80043525BCD62EFC6AB05D9EC41372E535F51D4F0DE391B"
"source/rr/gpl-2.0.txt","18092","8177F97513213526DF2CF6184D8FF986C675AFB514D4E68A404010521B880643"
"source/rr/rsrc/build.bmp","336056","5201E2E593A6D79B4AB942C6A464B4CD9F6802CE5D9EDC433E55BBB385F3AF3E"
"source/rr/rsrc/build_icon.c","26","2266A59454FAFE6A7119EACB0A3792517AD8FD77B6DDB1F4C25AA42FCCB30BF2"
"source/rr/rsrc/build_icon.ico","85175","4708652B53A33E63CB19D20DFDE2ED2DAC77EB5714F1BC043C5E40A82D523E46"
"source/rr/rsrc/buildres.rc","2918","C05E84615442DBC55C260715340B49140B4553E178EF16D704D0E033AAFA7D37"
"source/rr/rsrc/eduke32_icon.c","335","55611E06BBD20B0C9EE48112F2C965622657D3FCA78A2E89BCEABC291B96D6EE"
"source/rr/rsrc/eduke32_icon_32px.c","16592","5FB238877B58892F84FA827FA0E45EECE5244E237F48EA3EDB7EA91D1DCC176A"
"source/rr/rsrc/eduke32_icon_48px.c","37199","893E0DEA28B1ACC2640C76254B50C0ECA06C3AF70A708D3098F9E977BB7C59C8"
"source/rr/rsrc/game.bmp","336054","E49D44A751E87364BF411CAB19A9484405C4DD665D85C99335BD84FD25DB970D"
"source/rr/rsrc/game.bmp.bak","336122","E51369B5F2ACAAF05329A1D55FAF4EB7C3568376B18C3C28C7E23AF428F8D061"
"source/rr/rsrc/game_icon.c","26","2266A59454FAFE6A7119EACB0A3792517AD8FD77B6DDB1F4C25AA42FCCB30BF2"
"source/rr/rsrc/game_icon.ico","148869","3D9898759116062978F639A498E515A37C0EED2645D8F8C2E4280CB5C55FAB2B"
"source/rr/rsrc/gameres.rc","3651","7E2357A377FEC25E8A5EEBD431594DC9664B4C557D73705E0A93030FFA072EA7"
"source/rr/rsrc/manifest.build.xml","1577","FC73D01E72A9C36EA34E2F80391EC8A7EE330DB304ECC6440F4C9384823CF08D"
"source/rr/rsrc/manifest.game.xml","1553","55FA2E2779989F30AD9696C3598412CAD6619434DBED94220599439DDC2F956C"
"source/rr/rsrc/test.c","37199","893E0DEA28B1ACC2640C76254B50C0ECA06C3AF70A708D3098F9E977BB7C59C8"
"source/rr/rsrc/test.h","10566","654558BB25BBD789A9A2961D8DE13C69317662F80B23AFAE504CDC84FC5CC8E2"
"source/rr/src/_functio.h","6397","5F5B890F005FD1483E0C4105499211205305B2C177D93594E961C35E75A6BAF4"
"source/rr/src/_rts.h","1264","AFB73FD3FD1DE6EE4BC52FD236D8FC838CB5FC07466C2FFC53ADEE67EDB53E27"
"source/rr/src/actors.cpp","388119","0E94E9096477762849DFFAF6D91164AAAEC355C761E7F420A37BD7C5609D9DC1"
"source/rr/src/actors.h","12152","DC16C3A0E4C07A32D78ECBF7D3CA00F3F353CDD81E5F6026FC51DE7B3D6B1D7D"
"source/rr/src/android.h","1354","C19F8E7D6275BD9AC2BE72B44DC447DAE645D9021A93D2D7EF2E509222C933E3"
"source/rr/src/anim.cpp","16357","588C97CF94439B60B472B1273AFAADA5F316DEFA21898E631D0648299C59FADE"
"source/rr/src/anim.h","1397","49F9663341D87A5277155AE735D8BCC5FA2C0A40D988823DE085F2757EA3169B"
"source/rr/src/astub.cpp","370157","B48C2F06C2ACD45197EB426049B9F7853323DEC9D87598F353C05EA5E30636CA"
"source/rr/src/cheats.cpp","31896","4A6D779272056795BB2C1D1EF608B39002C29AD7D9E1C3D8A26A035907F2DF04"
"source/rr/src/cheats.h","2614","87B4B1787342BA0ED6FEA553CDD9E6D17EAF72EDE1CD87E16F387F5CE6261304"
"source/rr/src/cmdline.cpp","27282","9E0CCB451E3C8C5B10D86C02F5786BCF38D3E34FE4FB89D06CEFD50A62B1F073"
"source/rr/src/cmdline.h","1362","8606263375E8CC464F7665B31ACBB25BE23B280197B012B8AC12A040F8281423"
"source/rr/src/common.cpp","37079","457956ECAA178246FBE81245AC11AAE3931A2AEA8776F36D1DA3BAFC00A1F0FA"
"source/rr/src/common_game.h","4253","84E02AFFB1D7CBBD7CE48D75B343FBEE309DC9ECF851BDEC2F83ED25C40CFD7B"
"source/rr/src/config.cpp","38098","089CAB93BB936DBBAC680CDD466EA3C3AA7463E97F9D26E42A5E32204A65EB4A"
"source/rr/src/config.h","1825","B3F19EFCC440904CC304C4AB91DB823D20CBF8E136B41B0DD69E4F7C36FBE007"
"source/rr/src/demo.cpp","36248","75DB433D6F42DC68C0807BB1DA812D82039B05FAB67557C5E024C652AE061CAB"
"source/rr/src/demo.h","1960","F85C23E635AAA72684455E9819676F54DD2EBFAAFF9AF53FE9BB889E00D2054B"
"source/rr/src/duke3d.h","4395","CEFEB53E852DDB04AE1162448377CA184AADEEB151ABD42C64ACC29B66AC6CBB"
"source/rr/src/events_defs.h","1213","5EC3B9BA46F791DFC790650F5A456E12FC06E261D28E309A5F6162DCA0FFF9E2"
"source/rr/src/filestream.cpp","2892","28B48F232709E658B238A917494533A3AC8D7BCBD90AB5E27A6CAD456C39A965"
"source/rr/src/filestream.h","1796","EA2B7477A0087200597F7F9B57C2B81D3F2A013B16B0B40632A3B279B9E932B9"
"source/rr/src/function.h","3012","9FAE9C7F364016E91712E75B07D65ACDA2EEF731958196C5CA3BD8D23A406A30"
"source/rr/src/game.cpp","322215","C3F4A0394D1E8D082CF149F64A4306638FEAD04303B34FD06C8052115533CCE1"
"source/rr/src/game.h","19457","616812F6C760E16E3D7330D8DFA80B3FF5747489321B904D2C254F055973BA74"
"source/rr/src/gamedef.cpp","97999","B0B28771C2058CAA0EB2F61114A98302660DF5B2B4DBDA0E854A8397178246A8"
"source/rr/src/gamedef.h","11981","8528902C36D05CC4A1C22FE36DD677B71C69A6D426CD06AE23D32EC532D708DD"
"source/rr/src/gamedefs.h","2064","66342C4D18654695F2DA2A946A59075B0BCBAE529E4357DE396039432B0DB7C5"
"source/rr/src/gameexec.cpp","153422","24F614C9E94964E545FCDA06EF0F5EF9761AD46E2942FF3035BC85E616641412"
"source/rr/src/gameexec.h","3611","679BC8FDD9F7F844D54BF7AA388B9C95B20CD2D0E176674295AC16FC391B6CAA"
"source/rr/src/GameListSource.game.h","608","F9F48554FD49ED6731B4FC114DFB5A8718D683107D514334F9DFBADE0DA067BF"
"source/rr/src/GameListSource.game.mm","1574","89BBC26EF3AA8E48245F190D5F85ED6D7B76D37340FBF909241B8D7A98989964"
"source/rr/src/gamestructures.cpp","860","00ADA0D959E1F65952ADFFEBA4A16982F5FB163640BFFEBA2A521EAFE87B4756"
"source/rr/src/gamevars.cpp","32679","1C024AAD1A469E8EEF34B7A5C13FC56193CB09EE4D3DE9AF3D5CD631213C793D"
"source/rr/src/gamevars.h","7042","F1364C7EA7FDA57112E3CCB478C5EDBE38167EECDE61677A13C0E3167B6612C4"
"source/rr/src/global.cpp","3589","32707EE12B055B7B286C3BE0A9CC3406A1AEC70C3611DB0C2A8088102398BE85"
"source/rr/src/global.h","10369","C0089C4ECF00C118CC020D072C23E212C706C6970DE61094A58497B0980DDF41"
"source/rr/src/GrpFile.game.h","465","B2C4847D244342C7E88444304BA724C4345C555E1FC55EB80A0ACE370368D43B"
"source/rr/src/GrpFile.game.mm","839","1A5E017F9302C5C271B52A741628CDB9EDB901DC4E9ADC63C50A0C9C2408660F"
"source/rr/src/grpscan.cpp","20855","8457DF96B94DB11825EB692762E07F9C776D57BBFA778407726168FE0D19E5AB"
"source/rr/src/grpscan.h","2996","37887B4B07FD454E45F7C246A17547E7FF295CEE816B41CADBAD1DA043B3E6C8"
"source/rr/src/in_android.cpp","10140","A01F4DB29F60ABB4BA114F0B878A44D20254B4AF6485732A36CD7270D1791B6E"
"source/rr/src/in_android.h","3128","D3B8E5CBDDCDBC257E47DD965A0EE86DFFEC43EA284097D176E5D2E1DBDCED58"
"source/rr/src/input.cpp","5383","369A5224F55F48B3F073BD9FEBA79A330B8FF9CAE0979AD0DFDCFDED0A0375C6"
"source/rr/src/input.h","2287","7A69559CCF2BBC7E2C74C60C024A7791DDA52FDEC6EFAE13C48BA26C1FDED70F"
"source/rr/src/inv.h","1492","7D898F078FC389AB9DECD1B77860A7635E5D03F5D84977ABD8DC50DD8C534269"
"source/rr/src/keys.h","4083","AB5DEC940F96AF0237135A02046E5C01D4DCCB16285D0ADC0A4DD1A58EC8EAB0"
"source/rr/src/m32common.cpp","59185","F1E3E936FCC3CF675322C2FCC1EAEF28BA598E1A9FD31CF56EA4D206D7DF32EB"
"source/rr/src/m32def.cpp","117847","98EACE998CF1A76DD77BD26676917908383C2F68C114E7E57B45A32DF4DA0D80"
"source/rr/src/m32def.h","12446","0C374B0FE41F1AAB02F1045897F67DF23A144630462C7730911E7D42B3C68BC5"
"source/rr/src/m32exec.cpp","108757","C3C248C1569657D88C8F54D2F712032A3E342289EE98C57867AA74612FF4D95B"
"source/rr/src/m32structures.cpp","21800","CD3E76296B47DA6292C15A3B6BB366A64756E958A063D00A23EEA820C4C6B38F"
"source/rr/src/m32vars.cpp","26865","B478853BEE3F2B08A844F4F4D0D5B992F1A9731B2623BA292C1D28290A949E42"
"source/rr/src/macros.h","8153","96A558D663BDEDEAA6CBF25B9A5B9A8B634D042A396C1DC1F65622EB0E826FA2"
"source/rr/src/mapster32.h","4377","158BBB9BFCBAB886B24C267C0F9AFABD97D1A34AC0684F5B49EAAB15DB652722"
"source/rr/src/mdump.cpp","3719","CDFD10E236FC7F80E18FEE3CA1E83B40EF8E010CAEE1F33152AE00A8697671A6"
"source/rr/src/mdump.h","591","A842EF7259B4AF9FE3125CD73827B17CC62A65C495EA1D7D3D79F5B26E9DFABF"
"source/rr/src/menus.cpp","349773","0023AD93EA944B4D91F550471ECA0F319601D0C3E849B8B47F2AD0F597F45B79"
"source/rr/src/menus.h","13141","A45EA3C8255344B4E93C09BC74DE88588AD76048CB88DCEEC9CEB2A7F301641F"
"source/rr/src/n64/buildlic.txt","3016","E4C6D9AE06107F04225C780EF2277864AE919C53FAD7AFFD424B6C18E6297695"
"source/rr/src/n64/gpl-2.0.txt","18092","8177F97513213526DF2CF6184D8FF986C675AFB514D4E68A404010521B880643"
"source/rr/src/n64/reality.cpp","21649","477109CA0C16FD679A37D05BF3E15D2DDDA657C6800A2ACC9360C1F5429A15D3"
"source/rr/src/n64/reality.h","1421","BA6C4B4CCE1252272C3754CE6C4E4371B39BA8A8A469AA1A59F8E7329F3072B0"
"source/rr/src/n64/reality_defs.h","6637","AEAACB345D54665ED1D501F62287A9E6B3FC9E1FD0EA9EE4FC82916DB54BAB6E"
"source/rr/src/n64/reality_music.cpp","15000","867307814FCCB31B6C474CA302E78B169AF4935CD711F0A9FB9E0CB8C2FFB2E5"
"source/rr/src/n64/reality_music.h","185","182A0A3507C549C2FA8C48C912113EE63B325BEFF136D159E0EEB49C5031F6C7"
"source/rr/src/n64/reality_player.cpp","53033","6BC229E24EA2B3D88117EBB153BACE844D221DE3A33C46A9F035659AB1DE69DD"
"source/rr/src/n64/reality_player.h","205","218F1DAB0BE08E200F2DD130300AB6FB0FC662EEDFDD1D2B939F2443417145D1"
"source/rr/src/n64/reality_render.cpp","130080","F3F960FA13910459C186D4192315E68F4C8534A7A0BD38B48C22A31F7E25E715"
"source/rr/src/n64/reality_render.h","2857","7A18D41D8FB59B194C9CCEB6F25CF25FE33179B1EDFDD8B0B221EA47D5BC7ACB"
"source/rr/src/n64/reality_sbar.cpp","12167","CD3495372DFFD39DA9A0BEE0ACE99D377A75D3D71E0CEEF08D519467241A5BAA"
"source/rr/src/n64/reality_sbar.h","142","1D8D798C738DF37080B51F9C9707A305AE54A9AFF897729ABA8D4AEA6B5190B9"
"source/rr/src/n64/reality_screens.cpp","28252","70A48EB5231FFE29BD5BEF586A6F72E7F67C571626C416C5EA2E87CB73575522"
"source/rr/src/n64/reality_screens.h","122","3F8F48C2561E01504E86417095DE644D199ED7E3E3283175C0E35DB7F0EA4AFE"
"source/rr/src/n64/reality_sound.cpp","20528","77BF102460C320E60EE3A65593DEBA6C3DF469A434B5ADB3A58A1FEF364AE112"
"source/rr/src/n64/reality_sound.h","2804","31A38BC55FE2E6FF8D619E54691F0F2B580974D8E175DB6417054F97594FEEB5"
"source/rr/src/n64/reality_util.cpp","5952","57F7EF07351BEBDCB2889AB1F66D720B53DDEEE987F699D85795CC55AE72DC64"
"source/rr/src/n64/reality_util.h","276","C323ACEDEDFC39DAB2E0E2A7FC2D8CFD3DB09652E074BD01971FEA8F7F064910"
"source/rr/src/names.h","17912","1FAD879FBD2C36FBAD144EEC7F43F13D4336EF44783006F60B9F43A12A538B13"
"source/rr/src/namesdyn.cpp","160059","50479C1FE47BA8E9C6F61233FB2061F43666BAC2517E308D46B1B3E8DBBFEFEF"
"source/rr/src/namesdyn.h","110951","524A57E955A3618CC3E5BC9E7C0247B210930795225F2688E2AEEF314F5EAC7C"
"source/rr/src/net.cpp","133616","7051AE4D9AB6B130E73212426ABF71503C3CDA35C4636047B9B446AA20785A8C"
"source/rr/src/net.h","11460","8478D197FF8E37F83B3FE6AE2BF977A9F04C70ACACB483DE454221CB784DCD09"
"source/rr/src/osdcmds.cpp","52370","DBBF347633FE06252D6AE9E4A3F65E0157AE3A4FA74FCA3B51BC7364F688495B"
"source/rr/src/osdcmds.h","1449","E549947E935D2DD455877F5D6D7B7FE91513435E57984B6C06DC8D6631775430"
"source/rr/src/osdfuncs.cpp","4642","69DCD729EC78FD7725C1B54423356FA70B406CA20A01FB72FCE5834CF326C7CB"
"source/rr/src/osdfuncs.h","1426","C76A23B80F78DA1969B17665E372C791551FD8902812F8F6C8239C6BD2E0A00E"
"source/rr/src/player.cpp","394339","D91DC53D0490CD316FE2DD9F6E8AC1164A56ADF72C9B5AD5971332E03BE34CAB"
"source/rr/src/player.h","15598","213D03C68AF8C3F2B2647BFC9BD778E08AF61AB1B4D1A88D4EF8DAE1FF33DE97"
"source/rr/src/playmve.cpp","34851","639EA3EE9B6B0AF9DD5A163DD7B3B16AF4D8E55B17B47696BD6B3F35BFFDF078"
"source/rr/src/playmve.h","3699","D719D44DA2365655BB79F8764E425CD9B52C3A7E1E71BF6FE6AEDAE336657BC2"
"source/rr/src/premap.cpp","86953","340A4455096FA5EB43EA86E43FC98860042E82F0DBE0754EE826424E2BDDDD89"
"source/rr/src/premap.h","1937","F7538F78F6A8B4AD118F075FAEF1B7837DBE9583B67730BC1B109ADD89331924"
"source/rr/src/quotes.h","3676","84D1A3238C15C2365DF14B55EDDE79E5F85ABB2944FF83D48CA307D630F3043F"
"source/rr/src/rrdh.cpp","109778","4C5D16D90AEA9F257D21E445B9F1E91C228638E8769CAE0973EDC233E024E603"
"source/rr/src/rrdh.h","3195","7318084804A57DDD88512FE373D7F91F634AB22C9B30627723DB0E02327B9457"
"source/rr/src/rts.cpp","4330","9C3E837B15E7C5786E7DDE88F14C4DE239447317D23FAD3E864CB987FBA38440"
"source/rr/src/rts.h","1397","74D54ED50C533355900F263FA78B75E415D9C6450B150EBA0224CD101214302B"
"source/rr/src/savegame.cpp","66123","E28B844635A5CFA44873669B02F31DC45FA29FB03F26487CCCF9F2E9E0D7E835"
"source/rr/src/savegame.h","3975","531E2195563CB428407B8ECC047782CCE9649E360216F6984D1D9A6BBC6433EF"
"source/rr/src/sbar.cpp","59756","AB36268B97E3E69034B2A5EC0455CA7C88C1B91047616E937F94B48584ED5E11"
"source/rr/src/sbar.h","1270","D88319A515038AB0431336513B2D07763E6D27C04DFA0A8A807539B8AB757D08"
"source/rr/src/screens.cpp","112138","DBE28285FA0B2B1456E96461D67B0070EAC93F4C579DFD12A03CE8669A4CC33F"
"source/rr/src/screens.h","1469","2587392C73703653AF0A62D340697E7F458C0E317A5058E75B97492B4E1C2ABA"
"source/rr/src/screentext.cpp","37863","40B9FE44F0CF4584C907114CE0E0BC123693F9B568512F0102A6F1BAA9D2970B"
"source/rr/src/screentext.h","5603","CE6FB53F7C671AC41FB0774B4B3AA30D3585BAE904ED0083383C6CF6A45BB571"
"source/rr/src/sector.cpp","209686","238DF97E8E9B1B9C2016498FCC10BF64B5A62D85614F531E6106BC84D4A71FF4"
"source/rr/src/sector.h","6079","75AE2888AE2792FF58C12274AC3F28EA225987B06643CBD1BDD4C44BE0EAA25E"
"source/rr/src/soundefs.h","17892","C21E4C4B64C61CEE4877080FD27665A50DF25728BCD0C342D3DE1B367DDEADEB"
"source/rr/src/sounds.cpp","27901","54C0DA37B530B312492738A83C22D063F4120D059C8543CD790B45E497CF74C9"
"source/rr/src/sounds.h","3288","71DC99B93A7A4BC2E4414C208D3DC54900C12EC47F96F67E63D54B2E439A4891"
"source/rr/src/sounds_common.h","1128","7280676BE7EC459EC8267D8293DC62C91E433B22D753D79E93CA7F209A67967D"
"source/rr/src/sounds_mapster32.cpp","13155","0CD2BD05B1EFE966E18A0E1796B44E82884CE1B85A39ABB2571EF64490659C93"
"source/rr/src/sounds_mapster32.h","2001","3DFEE5FEDB676C88FDB5BEADC07E38FEC5B787CE62A86A878E1F82BCCF992353"
"source/rr/src/soundsdyn.cpp","18049","8F6FD2A0D7B39BABB306E59E512F5097F36075BA7AFE8EA66F53CFF30FA7C713"
"source/rr/src/soundsdyn.h","9964","4997426E57E348464EFECAEBBD6BE0613B3DB1C914457395617F6818AFD4A404"
"source/rr/src/startgtk.game.cpp","32799","41D071DD6DAB701DD13835BA9502E0DD01B84A750B963C96A73859C1CD0FB6F4"
"source/rr/src/startosx.game.mm","23867","EF80410A405B7787369F634980A8CC4F75A6A8B95D64908A9F6E6BA7460F11A5"
"source/rr/src/startwin.game.cpp","21808","F53AF5D6DFA9148A5F298DD9C712839FD8C84EF3A06831DD4A0905A44F17B5E8"
"source/rr/src/startwin.game.h","1502","C733C2C72228B891A05CD63F204F671E817C30A3442353E709551F12FEF4D73B"
"source/rr/src/winbits.cpp","3364","BEED48E70967BA2E2B8935DF19957C033A6AD4F97A3D02DD76122F282205A1D2"
"source/sw/gpl-2.0.txt","18092","8177F97513213526DF2CF6184D8FF986C675AFB514D4E68A404010521B880643"
"source/sw/rsrc/build.bmp","76214","3E4AAE5BC534BA5740B9F91C840C23C865A4FF33EAA6AF0973193A57F057816F"
"source/sw/rsrc/buildres.rc","3004","3BE20398CA7C5D5B2CEFB210938B5B6C029A0123582470BF30BE07CE6A0E17A2"
"source/sw/rsrc/game.bmp","336054","B7DC8977C6A35AAA7849557573D64045972D675515FE25F096A79C3F61C3552F"
"source/sw/rsrc/game_icon.c","31411","0D2A0A5247911ADB207F7A3714DA953B581BAA0686E50BE856186603A9B3794B"
"source/sw/rsrc/game_icon.ico","61665","16F36C445CE4900A8756E0D7146FEF81F3A1611337EC49E6E51F482030CF8C6C"
"source/sw/rsrc/game_icon.png","16426","241545076A02609A2FFB84F58BBE55F2B53EBCC50EA98534F4CD88F5DE310F90"
"source/sw/rsrc/game_icon.svg","23720","5DFF19729865D9210D8B7470C11294C1F09A4A15E4AD7F7EC0D93286F35B4A9A"
"source/sw/rsrc/gameres.rc","3406","278F970B55938E2A14FE1492AAAC2C78C86451F3C654DDB7A5D313A1BE25C62A"
"source/sw/rsrc/manifest.build.xml","1633","E056DAC574B9EAF44B09856F5250996BC4F6B0DBB26BC4A1BB63D13EA964B701"
"source/sw/rsrc/manifest.game.xml","1607","2B7BACBBF91A183BEF9AC570AC504492F9A451C259A7E5AF7827D3188EFC6727"
"source/sw/rsrc/source/game_icon.svg","23754","BE742BB7CA8190C5D168FC3E83BAF07DFEE765075791B80CAF81CD9C8E35F05A"
"source/sw/src/_config.h","1160","73F795B476CBCB499C0FAE888FEA01E17745AEDEFEEF4F41C852ACC0A661D637"
"source/sw/src/_functio.h","5949","4A964AAC42DAFBA4C916281CDF966EF5D9BD0A11DCC5A19F03541E3B184DBEA0"
"source/sw/src/_rts.h","2498","117BA474CBFAB9B7CA7AAA3CEB4624F48AA6959499BA6542977830F7725B7546"
"source/sw/src/actor.cpp","25330","D490CDDBB6DA984FD080BC1FFC30C64241FB02AC832A0F056A272D7F6DF43865"
"source/sw/src/actor.h","279","6FA88D4A6C7BC33B1038D6105EB9D4933CBF31732821A67F534280E84AEE3CA4"
"source/sw/src/ai.cpp","53614","D15157C044E0592328BFB74576E76C8A187D2F3E39995E18AB519FD484AA57CA"
"source/sw/src/ai.h","4812","E620A4C64E6256CA2B821EE3064119782AD51967915AF2826D40146A45483BA7"
"source/sw/src/ambient.h","8757","8D63A1B0563A2F2EDD19EA5DC365B4A00A713435198DE17CD63B2EAE862BA858"
"source/sw/src/anim.cpp","9213","39FE086156526F569C765756F10032895CF8CEC2AD1181C3C4A08284171EDE8E"
"source/sw/src/anim.h","1223","CA1F4041FC92BCD69BF94170950D667C915877089E882CD3083115CAB551657D"
"source/sw/src/bldscript.cpp","14276","1DDDA863F41337EDF781BE2C9BE2D803BEC9C78AF8FADE1A121969E9DD5F3EB7"
"source/sw/src/border.cpp","15119","AF4A4B409F05058A5F66A868053DE05A36B7CE9B5014D197CE41DB5A59FEA4A0"
"source/sw/src/bots.h","3383","A97908E68B9C223D8D7E9EB7AE0E956080E9459E7B2F8A550E6877B04F94EF54"
"source/sw/src/break.cpp","35549","B00EFEDB1EA1FF55241B9D496B0FBCD0613D16BF32E87339616C7159984C8DDA"
"source/sw/src/break.h","1961","23A663143638D5D6B5A254E33D20F0CF306A8A353C68E83A5945B2E6BA8439C0"
"source/sw/src/brooms.cpp","20130","9DE46BA5EC21FDD3009A682E117FE23A5867E46D64C5D56377413D8516C7F53C"
"source/sw/src/bunny.cpp","44405","03E85EA87B991D175A73F9C93C8C2A4D5EE590E993DD92248D658964A982BC94"
"source/sw/src/cache.cpp","16201","D71051B9DFBC4010D9F15BC04040CDDA66DF4E54CE46A3AAC91CE309F4957614"
"source/sw/src/cache.h","1454","7E17A6D33CACBA101EB6F9A784C0E54EA342EFF1A46ED6633265E3645DC21695"
"source/sw/src/cheats.cpp","11063","37E5E30D4096F5439436A57517D240FBF017F80E6FE08D2666FE1D358777EBA1"
"source/sw/src/colormap.cpp","12719","20090445CB5A3D4C0336950F9FDB259A906AF068407E38B390A684EC0EC095F5"
"source/sw/src/colormap.h","322","27984EF30F8D2B62E107EC2EB9E27E506AAB8F24F31898377AA4725FD36492FC"
"source/sw/src/common.cpp","15465","ABD722465EB9760E108F39CD97AC938191C99A51EB7457A8C9F46321DD5E2B6D"
"source/sw/src/common_game.h","4354","1EE845D43772667C00687EAD40931380E9D0602C9C048D8EC99F2E8474612A54"
"source/sw/src/config.cpp","26799","9647A466B5C964A40CC65CA53032D14BA862E7A9415843643D2DBC2CDD29396B"
"source/sw/src/config.h","4163","4FEBCAF87164A5DEAD98CEE61DF50FEFA1A0033CE25C1CE2BC74FBFB1AAFD991"
"source/sw/src/conpic.h","12832","0AEB2D3DF206047656879A3FD98AE7E4AEF34D84E64FD2968530810A9D0CE647"
"source/sw/src/console.cpp","35941","F8D3A2C7B7FBB33A4AF2F2F02B03A8B084806399B58502F2C3F7B02C3241F1DA"
"source/sw/src/coolg.cpp","26780","9BCA0A0FE940C729299AB2E3C651F0DA0D56D4DFD5ACA12A6467CBE5CFA8781F"
"source/sw/src/coolie.cpp","17947","8617B6F8B2A158A64BEB8F81EAD27D88BBC65C23AE068A2E77B46873825BF5E6"
"source/sw/src/copysect.cpp","9675","9098C655AFB96BCD9D6471967F607EF54173B2AA277E5F58E2F12E1C31CAF1A7"
"source/sw/src/damage.h","6593","B90D3F78668C01ED589A0CF6841B86795BC943D35D80CD81B997C2AC888E0E0C"
"source/sw/src/demo.cpp","15020","C7C317AFFD4DF4CF000D50DEECB7BE7EF1AB134E986D0ED19923BFB6A1F53664"
"source/sw/src/demo.h","2478","53E3D0607E882D859C6A8FCD26B6598AA4EFBF254E2B3E1DF643158B008F0300"
"source/sw/src/digi.h","79966","3CC39415B5B1DBD0CA9BF9055A4293F6FFF77422180EF5BE76AA8660B4C5DDD4"
"source/sw/src/draw.cpp","78143","F3BFBB3AB8A3A4EAE1C1771FBD8F61F63F9570DA8A961329EE039FA90C8C003D"
"source/sw/src/eel.cpp","17006","E07FF48994ADF5EDBB531F04D2C1CFF7EB4DEF0BFF131E84DDCD05834BEEA749"
"source/sw/src/function.h","2726","69719F554F1665437030B5D32B200E5914156499A94B727C562D0221A557A20D"
"source/sw/src/game.cpp","156043","4D5D73BF53EC37A1550E80FF8BEA79C3C2FF6939334363E65992000F873D2D0C"
"source/sw/src/game.h","80701","11397E4D71BD8B506A87E7B7EEEB9C79C440D54B73B4AD3DE0E152F694633902"
"source/sw/src/gamedefs.h","4304","44E1EF231B9BBBEEED5586C018B4B56C69C403A51DB4C85ACE0BCA03CD810057"
"source/sw/src/GameListSource.game.h","1406","0871B76D110A0FEC2B0200DF501FA0C140B9E17F2B841FD5C923B2127FE5B984"
"source/sw/src/GameListSource.game.mm","2388","F7F83150F11D8DBE45FB1FA497CA904E77E3A4E3DE1E150D1704F529939AE329"
"source/sw/src/girlninj.cpp","28527","DFD9BDD5B54967EF55F0B2F6D00E6EB34CA569F51E5A9FBEA45C9EFFF05BC9AD"
"source/sw/src/goro.cpp","18353","7BF4ACBD0248CE2926C4769BD5292391C5549BF8C30D26775006A69A5544932A"
"source/sw/src/GrpFile.game.h","1265","7F5D0DC2AA499AD62D5B6D30445A762D32AB737C3EB4F43875259F8AE2733915"
"source/sw/src/GrpFile.game.mm","1644","EF1C41241503BDFFCF24AFD296F6042DC08250D05806855B2FD44950E3D3ED7A"
"source/sw/src/grpscan.cpp","9948","F62AFAEF27B6A8A8946C43D9329618C1A8FA76CF8404AFC0BCF4AEA4490FE707"
"source/sw/src/grpscan.h","1545","52D584E7B6B98D148A4E9BF13AA475ED78332064782D8D79253AA56F676CE44D"
"source/sw/src/hornet.cpp","15625","E989261008FB67189991FC465F994B65BE97CCBAB6AD76C2B218FC69C8A8E635"
"source/sw/src/interp.cpp","2846","4A22F29CA320DE680C8E5A289C9DF3D3860F4B81EAF4C4DBB26BB1A996ED3E47"
"source/sw/src/interp.h","1735","1C798A71AEE28FE442BF9DF53C3C18EDEDB621D26029805910137C0207715C96"
"source/sw/src/interpsh.cpp","3170","397EE287949838215A51EA6FADED06FBDC88397EF7786B2A19EBA81B936F339A"
"source/sw/src/interpso.cpp","12856","262F97FFDF05BE408A256D3DE1EE477CF220404966FBF06C5BC7E6B82B49FEC1"
"source/sw/src/interpso.h","1710","A818A7EDAB7B8045F0414C07FC67AFCB54185E2C67CBF1C0B72C8253D8563E9F"
"source/sw/src/inv.cpp","30821","4C2B5B4E8FEA480D960D6C326CABF136A26C56A3CEBCCF2DA8910AF690A64A63"
"source/sw/src/inv.h","1888","648EBBA70ABC617EA1151E001F7BA33BB3E295EDD45D90D522671BB315E9E302"
"source/sw/src/jbhlp.cpp","4965","BE84C8DE246E8CA7F5767EA29DDC0B099181A4E530ECE336F156DFB8A41CBBB6"
"source/sw/src/jnames.h","1221","458ADA51A1697B39C567DA803CD5FDB09A5F30DAC3EBA329B6C82A01E1438CEF"
"source/sw/src/jnstub.cpp","104026","0D034F1B3F2978D8929B4536D3B2901535F95FF850B8A204C663A99D3EAEBEAB"
"source/sw/src/jplayer.cpp","31011","CDCD43CA97DDCC7440C8F6A13AD3414812578B450265EC8AD60ABCC2308C7D40"
"source/sw/src/jsector.cpp","46402","1C63A7022E7A703DF9FB36648CFE3520D1B6C98E9E81A4667904A2667B73131C"
"source/sw/src/jsector.h","2905","AA63A24FD0B9E7654ABA6D607D4EBB9E167C7DE926160D5886428D7C7AC2FB11"
"source/sw/src/jtags.h","3274","655F62A32A99F03FA8E04F8F956CBC0611C9A0E9ADA77278DE0FB8ACD10993F0"
"source/sw/src/jweapon.cpp","73440","D008227ED83B29EE012FEF080CDC1D8367F877E4C4FB2A3306378B40A0B9BC47"
"source/sw/src/keys.h","3358","67DA96A0D9C8B7A7BFBDDD37BEA08006E6B44858C126E997D82AE850468ABCAF"
"source/sw/src/lava.cpp","17190","8FDC6AAC638A4C7280FA2277A858510C8EDE19009B686897F629FE0E696D0904"
"source/sw/src/light.cpp","12419","3626D5DD3F6403951AEDD3D50738918BBA74A2EFB99CA932988DDAD76606563D"
"source/sw/src/light.h","2116","E762FE2096E79D2E93DC932885DD4A52663B7E7D07D198829D243CDCBF097AEB"
"source/sw/src/lists.h","2632","8C313697C8A868EA0691A130ADC514FE57C63F7CDBE978D7E6643C4CC83DD8C3"
"source/sw/src/mclip.cpp","15196","4F064EDC83326DB0450196E45E20A55A522111758FB4220A6DD4CBD5DE6F2C3C"
"source/sw/src/mclip.h","1559","8451B616BAF259875FE4A786F7BCC4426D5C43C09ECCA7670EAFF39E55C20167"
"source/sw/src/mdastr.cpp","2382","35F8701319FCC7BFFD7327661456D02A07C27DA62825E8C02F2AA4A5DAF2A896"
"source/sw/src/menus.cpp","155435","5E15DE9ABF769233A07E5DCB0B511C6E7A4AF73FFF6D806821FE0A846ABFBAFB"
"source/sw/src/menus.h","11724","2AC855D52C931153F297F4A258199DC83ACC8621665043A36DEFED19590C3E31"
"source/sw/src/mfile.h","1568","B8E13A0DCE95776200F426A8E137F2519302D2241C11741D513DE54756D1401D"
"source/sw/src/miscactr.cpp","62057","916F92570BCB6E0A6ABD24002A18778D28493EA48240B62598DCEF6D6CC46F15"
"source/sw/src/morph.cpp","15485","6426469A28E8387BF991F5EDA5DF20E0949883F255113093AD492A9EBBBE189A"
"source/sw/src/mytypes.h","4207","34F6352123DF0B115256B335BA7F4E874DEC613763FD498A5B1C91A800A3BD84"
"source/sw/src/names.h","2551","E811E173132DE26B15CD8F1EC8220B7F6C830119C73CB73F4DC990D16B250081"
"source/sw/src/names2.h","40257","0EB2C7D427AED81D51FCA9EE986B9458332AAEBD9C8C10F4F591DB8083405478"
"source/sw/src/network.cpp","45848","664327E9539EA26A87500B7BA87DFE4F904FA18B53B109E46D2331D9FE13C4AC"
"source/sw/src/network.h","5435","5962F8F27910184AFCD354616FF1136808D36BF77FFB37207A13B9318FD14BC2"
"source/sw/src/ninja.cpp","82628","BAF22725F630966D67033CAF46DB3699811AF24DD2CD94E5111882D3871C1FDC"
"source/sw/src/ninja.h","1482","C908874CC4C08DEC91BE09EFFFDBB533DF4660A2E23AFF65E63488F0A5FB35F9"
"source/sw/src/pal.h","4140","9CDEBCCF9F6BD2B44DA09CB865A950C7B94257EB1FEBF56198B207C67759EC17"
"source/sw/src/panel.cpp","220429","385F46D9B2AAFC4157694D1AD2465BBE3EBB86467B1D36E3DA434932C5BED06C"
"source/sw/src/panel.h","6542","60AAF08DBFE66CB5F727501631C957F38B423534522A5798344AF5AAF25320A8"
"source/sw/src/parent.h","2115","77BF7AC2FFC83ACAA8664C3BEDA74A2ED70AD7386B31076234A21662B6332A51"
"source/sw/src/parse.h","1616","D5BEC9DC00FF68D7B92030C5623BC484AF515538EEA0206B269424E6B7FF13A0"
"source/sw/src/player.cpp","247220","5D8E0C7A61F87F4055377E6E495EAD87CFD962A6CF9B3F8C2EACEF2FD5BD0F23"
"source/sw/src/player.h","4859","B81C6C5BBD6E9F3BEF2BD36998E58F773AFA0C06D4AE539BF5252EAFD2A67CDD"
"source/sw/src/predict.cpp","6439","5CD70AA8B7BA682DC4758117E3B83F0870B0916DCE8A4AEE3FAABC1645C377A8"
"source/sw/src/quake.cpp","8800","4BC7BF6A3701B1A10D5362236D91F13D1357022B720421C7122F73044AEB635D"
"source/sw/src/quake.h","1543","6A664114DF99502A414FA53192BC60C6B61F9B6981CE285C8FFCB4E1D9F0A1A2"
"source/sw/src/reserve.h","1593","A3CFDE34DC85ACB2C8B4B5A7EA93D74B62A83DBBA5D045DCB54E0917E8B68A12"
"source/sw/src/ripper.cpp","37656","6BA5438707D0A70142C1354E715CCD6532DBBE78389EC368D32116AC191BA40B"
"source/sw/src/ripper2.cpp","42684","77A95C7A7A0DAE0E27AB28CA909BE6E22888200E413790E1008B39C714B00CBF"
"source/sw/src/rooms.cpp","31637","840D0B47205E9199736235BF2ADB9A47377F778D654FE8AEB7A5E940E4E95470"
"source/sw/src/rotator.cpp","10992","22B1ABA13B4FDDC8485C6CBF1C26F377EA49BA18653CB29F8E68458FD50C0E10"
"source/sw/src/rts.cpp","7268","C021E15E9CE1AA4E19A4730FEC1CC243EFCB4DE00B029FE776EB750260D51E8B"
"source/sw/src/rts.h","2976","F92D502CBF808B7F393718B756B1FB2126953F4908C8E34051167D88AAECD980"
"source/sw/src/save.cpp","40708","474EA404859385E0F97FD5B5AFE4319ADE9422BB6AA9350928E554A694E25373"
"source/sw/src/saveable.cpp","4262","977A5D524351387B3AC40221F017A3FC5644A8E5821F0DF67EA76E602FBC0393"
"source/sw/src/saveable.h","2041","06F99033C9FCB80E9FE49D1332FA741B5C418BE31BC42227CCD98583CF4E7703"
"source/sw/src/savedef.h","1098","5CC0B1035AD7EAEA3FD4008683C9107A7F66936EBFCAB6DCDFDE0E3FD63B3102"
"source/sw/src/scrip2.cpp","29304","4BC211540E36B9050370E0DA8164DD9353B9C7FD264D2147F07EF626E6C8CB87"
"source/sw/src/sector.cpp","88867","BEF61E1F96D87AF87602BE2778ABC9F742D0BA745F65076831EA7233328AC321"
"source/sw/src/sector.h","2687","56ABD0B0D2DE54B1DDB7FCB0C17DA1424BAEA4D2577947C85FD716AC7222530E"
"source/sw/src/serp.cpp","31547","1E78B72C9CC3A61EFA37ECEE770FD3CE51B68ABB911D4490E0977A8C00E284D1"
"source/sw/src/settings.h","2707","96AFD19912470FF5C74026F903F11003BEA73EF1B9725668B89D16C24531FED7"
"source/sw/src/setup.cpp","9538","9A6B77A46654355FE4F2F8E39F11666768EAED447EDF672AA78910120009D619"
"source/sw/src/skel.cpp","19845","DD69A00F8F75C896735681AE36D621FC3CC2830E53B2EC32BEF97A9C94F090BB"
"source/sw/src/skull.cpp","23148","5142F7B75374049781B668AB407441DCC0E8434223808796A51FB56B273550E8"
"source/sw/src/slidor.cpp","17897","594084B1C154CC2F193DB6CD3CF29781BF0BD6BD166D16356DCF929B91CD1A65"
"source/sw/src/slidor.h","1429","BFABD92947884E64A686BFDF5C306177331F65740BF87F99CDB45ED822F82117"
"source/sw/src/sounds.cpp","52048","1FB87E822B58742AA58328FFD6172EA61724695F80F91D52C7BD85FF98D0048D"
"source/sw/src/sounds.h","6443","06C0A0886DD7C6F3A0C755D4548ACB42F3E52912FD1DF120F4C8A86FC42B7138"
"source/sw/src/spike.cpp","11741","6A610634936B0F8BE81296B718DC0A7A6CD8F7E8EC28051779AE9C4557A9FF0A"
"source/sw/src/sprite.cpp","220360","34BFEAA8B9AA4150CF37E99013E75B2BF0E17A3137F9DECD6698B7D7552E4828"
"source/sw/src/sprite.h","2802","0CABF423FC7746C1742F960FFB5372BABF0C3604B4CB3C13DBD06DBAC565DE7A"
"source/sw/src/stag.h","9819","85935D48C3F171DA6E253CBE01ADB81020631354CD69C54C4562CEA71AA30178"
"source/sw/src/startgtk.game.cpp","27984","BAE30291108A3C17C2E94AA739437916315ACCF779B8CF10A4F41BEB27224170"
"source/sw/src/StartupWinController.game.mm","23531","8EE8C67F4435C588993C2FA23495191B3AE0FC8456E8C5FC9600B13FFAECE190"
"source/sw/src/startwin.game.cpp","19812","3D187B7E185D70724E902A692680BCE853F30864BC77F5DF618FE39BB32DBC2B"
"source/sw/src/startwin.game.h","1365","29FB266481ECB238846FEAD7E76E863BFD60E83CFCF6E85D2CB6C5F2019359AE"
"source/sw/src/sumo.cpp","28630","442945FE8E3F59B880D072F0AB1C54B6125260EDF7CF228B3A840F58865CE88C"
"source/sw/src/sw_strs.h","2100","E4D7DB986C5622D6AF304C577BD479D4FDD49CA3B0352FF65CD93888E35C13D8"
"source/sw/src/swconfig.cpp","11889","D270630F173FCF8744769AD8A1B2BD29F1805D61B42D44107933080E6C508729"
"source/sw/src/sync.cpp","12816","3FC3661C0D31BEE4550D8F99B02A15BF4BDC6A655C10E04561A93EC14C120793"
"source/sw/src/tags.h","21302","70EB0C5E9717AD2924E838730181092B85BF90E425D60B07F00AFBF4892ADFF7"
"source/sw/src/text.cpp","12350","7F094852520A53E6C2B498F1B616B18EA16D6358A8C80B83D7E81CFD03A72FAF"
"source/sw/src/text.h","2083","6A9268E201CB13D4B95A70BDDE42CA4ECE9E73229641C79708FD8736B88E1C7B"
"source/sw/src/track.cpp","107354","1F2D7CB218A9A6D319F76967E15D069C5F159F29C3721B193AF2A7EDF04BF1A3"
"source/sw/src/track.h","632","9808A4652ABB933E355670FCD17A904658448F270E704336FF60E0E15151A4D5"
"source/sw/src/trigger.h","1113","C2A72B2226FBD907025ADD2D8CDA56C5BD1C8BA57C4F8CBDED9CE7D033190CC3"
"source/sw/src/vator.cpp","17556","C98C0349D60356861432F372AD0CE35C52F262B0485F7C226203402EF99F237A"
"source/sw/src/vis.cpp","4810","70D63BA7EF2191DAC360BBE43636FDCEBB3161B32AB7A00880CD913E61086F72"
"source/sw/src/vis.h","1210","E250682B1CE075A3C185A0841F3A89A5F2999D997B7E5407C6707C124AD102C1"
"source/sw/src/wallmove.cpp","5622","AF041CC2FD214D0D1E85D4CBBF9637EF81B400F6C58043C8428E05C596F6F20B"
"source/sw/src/warp.cpp","6299","A3FCFFC6C6A5FFE4BB846E02456C43959ED5C9C3656D534E2C1362E65D58ADE6"
"source/sw/src/warp.h","1441","3D3DEBE62F2AE90BBAD2B76562E5D77F03E58A09D8C42C77E9F37A687489F665"
"source/sw/src/weapon.cpp","611735","396195A5ED05C4E6A0067D4B1D447B4B071967DD052AC0F86B6978B8A19C226C"
"source/sw/src/weapon.h","8007","8E9933A4E66AF4072AC8F87088971662E0DD042C3320FC167B11A59097A73A06"
"source/sw/src/zilla.cpp","30079","B3746B7B4F4EBB6FB44EF6CB7F187DD58A6E56A769422DE0DED14464AD8F2407"
"source/sw/src/zombie.cpp","37536","B47A14FEB486DF843779A52D0E65A807E7A04B8C8992BD6B56EA93CAB5286DA2"
"source/tekwar/rsrc/build.bmp","336056","5201E2E593A6D79B4AB942C6A464B4CD9F6802CE5D9EDC433E55BBB385F3AF3E"
"source/tekwar/rsrc/build_icon.c","26","2266A59454FAFE6A7119EACB0A3792517AD8FD77B6DDB1F4C25AA42FCCB30BF2"
"source/tekwar/rsrc/build_icon.ico","85175","4708652B53A33E63CB19D20DFDE2ED2DAC77EB5714F1BC043C5E40A82D523E46"
"source/tekwar/rsrc/buildres.rc","2918","C05E84615442DBC55C260715340B49140B4553E178EF16D704D0E033AAFA7D37"
"source/tekwar/rsrc/eduke32_icon.c","335","55611E06BBD20B0C9EE48112F2C965622657D3FCA78A2E89BCEABC291B96D6EE"
"source/tekwar/rsrc/eduke32_icon_32px.c","14843","7C63370785A72F8C767C01982210CB2B077E4EF1B56DD7F8B495ECD32FAA84C4"
"source/tekwar/rsrc/eduke32_icon_48px.c","33073","4C30D66A1CE5C2296F3A1BF4113FC78F33AF55EB095AA75DE42B1BC3399A1DF7"
"source/tekwar/rsrc/game.bmp","336056","ABFC5DFF2590F3F9CBE8034A833489E002DB38C1E316CB40CE2D36C10C8A11A5"
"source/tekwar/rsrc/game_icon.c","26","2266A59454FAFE6A7119EACB0A3792517AD8FD77B6DDB1F4C25AA42FCCB30BF2"
"source/tekwar/rsrc/game_icon.ico","85175","4708652B53A33E63CB19D20DFDE2ED2DAC77EB5714F1BC043C5E40A82D523E46"
"source/tekwar/rsrc/gameres.rc","3778","7474ECCE451F0BAF9C7E0B6FA9D6EE29AA47729C2502A03D105662514528F536"
"source/tekwar/rsrc/manifest.build.xml","1577","FC73D01E72A9C36EA34E2F80391EC8A7EE330DB304ECC6440F4C9384823CF08D"
"source/tekwar/rsrc/manifest.game.xml","1553","55FA2E2779989F30AD9696C3598412CAD6619434DBED94220599439DDC2F956C"
"source/tekwar/src/b5compat.cpp","1754","FFACB2BD9BA03E27F9AD5BE7AC126B3210CBA05447A64A45D5078E0DD82B58BE"
"source/tekwar/src/bstub.cpp","56801","73C51984682948D62D3829DCA1E17E8A326ED9E107820BBDAF74A3FB923D556B"
"source/tekwar/src/common.cpp","17639","2DDCDCE90D7BEF7CD360641E9A481EB277D51652F08CDB9F584BAC6F1719B224"
"source/tekwar/src/common_game.h","3002","714161475CFE1FE0B07261359FA9F8380C85B29D387EA16665925EF9138BA37E"
"source/tekwar/src/config.cpp","33740","FDE451BC788A39C6F55B5426DBE8D5E8702A11F47A13650780DC4FBCDAAC4916"
"source/tekwar/src/config.h","4949","25D747FF64D6E4FAA64AF93404BFECD16A3730CE66E60EF828A849BBA9C27638"
"source/tekwar/src/grpscan.cpp","12283","C72383627FE017A66C7E2135A2B828DD42157841D4FFB9B3B8C50A2F14703176"
"source/tekwar/src/grpscan.h","1858","8BB235A47E37A314E251406DCD781CD8B2067826AD1167598DE5D547A0EE2AE4"
"source/tekwar/src/names.h","8564","BCEE9961A5F16FFA173A8FCCD2C2A3E2B0CB6BF2560F2A040A46DCBCFEA9F292"
"source/tekwar/src/osdcmds.cpp","30213","FF2755351AECC92D5A6F5275B2ADF2DE98F2A19D49B364AB0624A141D4C74AA3"
"source/tekwar/src/osdcmds.h","1282","72359DF79C950F788100483DBC6C8A9E7EA6E7547CAC04BDFADEF935726D5BF1"
"source/tekwar/src/startgtk.game.cpp","32794","E6DB5F2F2BF6A3D09D276997D70BDFAFD5D74D0B2F84BA9E53D3FA89D3B65865"
"source/tekwar/src/StartupWinController.game.mm","6354","17B8CA3AD9D15AB7995B3354187A39D9778B80726BBE0ADA8EB95329F15FAD52"
"source/tekwar/src/startwin.game.cpp","22383","BD0D06001513618A1F0A48460532AA6414851408DBCCC5C814A8E458D240D9B4"
"source/tekwar/src/startwin.game.h","1502","C733C2C72228B891A05CD63F204F671E817C30A3442353E709551F12FEF4D73B"
"source/tekwar/src/tekcdr.cpp","63","61775D2647157094746476B811DADE9368D07E517288A7853A87D4B787858608"
"source/tekwar/src/tekchng.cpp","4312","314786DA18E931B10E62F3CBF697BAF76CE0CFEB5C5718AE12CF9CCA1701C244"
"source/tekwar/src/tekgame.cpp","96573","6E44C0C297C83FA51D5EC6B14ADCAB3403A591815A2DF020E36F33E439C1A8E5"
"source/tekwar/src/tekgun.cpp","43406","106CB73C1D8B4FDE87A0B982F3017D2C2255C05B1DE596F3BE1D20FE26FD8D58"
"source/tekwar/src/tekldsv.cpp","16486","5D83D69E9B43C2ACA48D5585DCEDDA3A9C86BA785B7292EF180BEB10A041AD84"
"source/tekwar/src/tekmap.cpp","12035","3407F6C55D1E03BEA4BB71986CF9072005D005D8A60112B427DE4E3D7F8439C1"
"source/tekwar/src/tekmsc.cpp","99294","E572C16F093759B2532973FF07ED1EF0F00D001C16E4B8792D0BC0FF345281A5"
"source/tekwar/src/tekprep.cpp","30008","35C7DE5E0CC13C077B7666319433728A3114EC95C1493175779BDA631BCDDC3D"
"source/tekwar/src/teksmk.cpp","5418","76E8824854F6CC3B1046F804B155CE62BE0CEE1F448A2C6333F2C2C3EAD8DBE2"
"source/tekwar/src/teksnd.cpp","39606","D2F0835EB05C61F3D1A51975E0152920EC7C865CFE942F0B3898456B221E6C42"
"source/tekwar/src/tekspr.cpp","27318","F3ED6583381CA266CC41F3746C19B3789958E2F8984B1A4B12668B322AE9102A"
"source/tekwar/src/tekstat.cpp","131275","75C0125F0D3A1C15C0A174815AF234B0A6290AA21BD93BEFEE449FBC731F9E2F"
"source/tekwar/src/tektag.cpp","107669","6E48E46C77840D79EAC1D80CE9183ABF0AF472EFCA0B366FD8479BDB105BE379"
"source/tekwar/src/tektxt.cpp","1056","0D8A5858EB8EF54519FFF87A761AFE8C627A53F03C4EA2E8AFF74F806112B39C"
"source/tekwar/src/tekver.cpp","560","694CBFDB7D2F360A169E1C96D98FE2059444FC75741129632A74BC1C08DD89CF"
"source/tekwar/src/tekwar.h","30455","873B24C6BF177F639820858CA354A645C6A0CA4B4EBE30B7644D0698BDBA1D1C"
"source/tools/src/arttool.cpp","40439","D880A084CA8B29827D3C7376D8A5871A19F400B08A9608F604BFF7D21FF178F2"
"source/tools/src/ase_import.py","15337","C29E34759BAF6C30E0E87501E92CF594C354FD9423C0FFBF68FFE5DEDAC077EC"
"source/tools/src/bin2c.cpp","3430","2DC94CE84D86817A329C22AD47939F3F2413EE0C2E4DFCAFE728F078E05FEE55"
"source/tools/src/bsuite.cpp","12664","433EA14CCE3B5733C8BFCCB770AD3CE436881B542D67BA2A477630885048C5A2"
"source/tools/src/cacheinfo.cpp","2815","58707B409F62E25DD189A8A38E206667B4A4218FE41C97A01A3D6E55CC344146"
"source/tools/src/checkdefs.sh","2325","654673720F0D798278E56030ABBC97291EFB06D6215CDC5A3123BCCD5FD2FA5A"
"source/tools/src/compat_tools.cpp","470","70691073BB33F87B4D35830AB994645FD8D0042B066BD9E8942C08382CE8EE95"
"source/tools/src/enumdisplay.cpp","5297","3F67E160CCBB66609C0BE77B18A85E2F975A4E89B7EAA343901FB6D6D93842E3"
"source/tools/src/generateicon.cpp","1352","CE37A7594E1D51BB1C087FFEB81A6302A8912EEBA5A5C91C4962E918C2F5EEE0"
"source/tools/src/getdxdidf.cpp","3687","A961AF0395CA4066BCAEB98E34E81338B52F162EE497BDF2CC5421976E2593E2"
"source/tools/src/givedepth.cpp","2470","87804E2C392166EB27C1D36EC584BF38E14F3DC7C69FBBD74403A2FA5E0FC381"
"source/tools/src/highpalookupmaker.py","2318","D225361E9BF1E14BD699960F170CB8C12FB4B24366262F437114AB7A75C885BF"
"source/tools/src/ivfrate.cpp","3218","694223B0D977B6950F7E45B3FE5DBE677F629A975DCB5EA8B84B6F1031B6549F"
"source/tools/src/kextract.cpp","4771","25124BD2DF50276EBBCFB41814A6CB1FA5E35672211541A05BDA20DF03118702"
"source/tools/src/kgroup.cpp","5054","380B44738195556FA99CD57047BF8608A31CBC9F2F8EE7B6B3F8D5461B919DB4"
"source/tools/src/kmd2tool.cpp","2072","B5C6137BD5BAE671323BC41477AE789B6B3A1BB24B48CEE9A7235DA5703B2254"
"source/tools/src/makesdlkeytrans.cpp","416","EF3D032E660C11D716A1E80180AD9A59D610F44D3229E9126DE5536B50066AD8"
"source/tools/src/map2stl.cpp","15360","C7CEF5A5CB9346463F7687786DDA53DB227278AA2F292E9279E8EBBEE96AA907"
"source/tools/src/md2tool.cpp","7581","BB688D211FC35C382A4F94D69F865D045800765BA701832D3FC8889F87C47C85"
"source/tools/src/md3_export.py","31558","21BA72EDC0B260672EBB3640C405E0235D66EA03AF7068B57304D081103E63D3"
"source/tools/src/mkpalette.cpp","7689","DB21D60EC4F74C850A3343B844DD7F9B43BF71CBB32D07B403CD3625CC61C7BE"
"source/tools/src/prhighpal.py","6974","82D6A9D22C9AFFFAD8B8EA021B63556145249D8A828D5CAD94953FDF539A23F1"
"source/tools/src/transpal.cpp","4861","06E0F5A617B3923FCD5F89BB174962D7635F73CBA8F029FFDC2F38B911B2FC58"
"source/tools/src/unpackssi.cpp","6004","4F0FC9797A8FBFAD3D72A37E223A9182938E35628C432828AC7AB6A1F39F7B20"
"source/tools/src/vgafont.cpp","3883","6FF4E09FA56E13897A92AD027D906F7015AD69803C0048703A83E20C3184C83D"
"source/tools/src/wad2art.cpp","7898","DFB4FEED452E717753DB997E74CA4D9299CF03046EFAC3906255C5C3C75CE8E0"
"source/tools/src/wad2map.cpp","69008","2636DBAC1BCD57DC7DD01DAFAEF74463E668900B8DD44E1315C6E6726E739BB3"
"source/voidwrap/include/voidwrap.h","1503","AFAABB583E196F7FCFF7CB254BB8190C579386BFEA9BF6A5406A0B4F26B14E71"
"source/voidwrap/include/voidwrap_steam.h","1899","0DA33657AAA9E547FAD2F6A3C1F9741AD7453B39D380FD897497336F3672CA87"
"source/voidwrap/license.txt","1136","1D569D67C8F66AE40C1765E79B7C8AD214168D5A3003453FDBC45960BA425A41"
"source/voidwrap/sdk/STEAMWORKS_SDK_GOES_HERE","100","502A70F371A1F491427DD4D79236D2760E550F0B1906E756577328B247A2A4F4"
"source/voidwrap/src/dllmain.cpp","582","08C793DA8FC412A333AECE9FDB02831D7770E8CECFD9C68EDB7A2436FE301377"
"source/voidwrap/src/voidwrap_steam.cpp","7382","B8EE0E5BA74A3E09EFCE3A9522E157874C28A5788A0289C2284C1C5E349A399C"
"source/witchaven/rsrc/build.bmp","336056","5201E2E593A6D79B4AB942C6A464B4CD9F6802CE5D9EDC433E55BBB385F3AF3E"
"source/witchaven/rsrc/build_icon.c","26","2266A59454FAFE6A7119EACB0A3792517AD8FD77B6DDB1F4C25AA42FCCB30BF2"
"source/witchaven/rsrc/build_icon.ico","85175","4708652B53A33E63CB19D20DFDE2ED2DAC77EB5714F1BC043C5E40A82D523E46"
"source/witchaven/rsrc/buildres.rc","2918","C05E84615442DBC55C260715340B49140B4553E178EF16D704D0E033AAFA7D37"
"source/witchaven/rsrc/eduke32_icon.c","335","55611E06BBD20B0C9EE48112F2C965622657D3FCA78A2E89BCEABC291B96D6EE"
"source/witchaven/rsrc/eduke32_icon_32px.c","14843","7C63370785A72F8C767C01982210CB2B077E4EF1B56DD7F8B495ECD32FAA84C4"
"source/witchaven/rsrc/eduke32_icon_48px.c","33073","4C30D66A1CE5C2296F3A1BF4113FC78F33AF55EB095AA75DE42B1BC3399A1DF7"
"source/witchaven/rsrc/game.bmp","336056","ABFC5DFF2590F3F9CBE8034A833489E002DB38C1E316CB40CE2D36C10C8A11A5"
"source/witchaven/rsrc/game_icon.c","26","2266A59454FAFE6A7119EACB0A3792517AD8FD77B6DDB1F4C25AA42FCCB30BF2"
"source/witchaven/rsrc/game_icon.ico","85175","4708652B53A33E63CB19D20DFDE2ED2DAC77EB5714F1BC043C5E40A82D523E46"
"source/witchaven/rsrc/gameres.rc","3698","702E6CC66481043616D72458F7B8C73C4F8CB360642D644975C63007838D27C5"
"source/witchaven/rsrc/manifest.build.xml","1577","FC73D01E72A9C36EA34E2F80391EC8A7EE330DB304ECC6440F4C9384823CF08D"
"source/witchaven/rsrc/manifest.game.xml","1553","55FA2E2779989F30AD9696C3598412CAD6619434DBED94220599439DDC2F956C"
"source/witchaven/src/animation.cpp","110057","F74C0B0743BF8EBE0D67477083A6BCF7E68EC4077ACAED95A42BE18DFF35D92F"
"source/witchaven/src/animation.h","81","83B05D58FA586F1F209A1D4F35E422687B5B3CA5F0CF7A0C461D0AA362E73669"
"source/witchaven/src/common.cpp","20365","3BF095336964AAAFABF0B230DFDE387ED24FA001BE1DBE7E6B594A960191A34E"
"source/witchaven/src/common_game.h","2960","42B897FCA28CC396614E0D09088A1A5B537EB6DB89FAE1270DA71682C365D8A1"
"source/witchaven/src/config.cpp","33262","201BA7CB7EDD18E5C6160DD080C9A7D2E899E75BEB7AE999EFC3553254938F3D"
"source/witchaven/src/config.h","4999","2D0E93EEC4DEFA2490ECDB35513524814C9615D35A9351CEB211A9A42F8EFB84"
"source/witchaven/src/effects.cpp","38831","44EB87667BFD2AD391113F82912FA0F54DCC0E7E0B411558A34EC46B1A31E7F6"
"source/witchaven/src/effects.h","492","C72CB8A1EE6A49A9468B91B36ED484DBBED0B19BA6D9C41C226966D75F6F1863"
"source/witchaven/src/enginesubs.cpp","1566","FD26EE35C5980238EC54A095F8431BAFA4D47AFBD71D6FAA5AF74E6ED35CD5DD"
"source/witchaven/src/grpscan.cpp","12385","2B8DF01303253D20EDC094D10B4A6E14DB3DE2FDFF1F7A4ECF5D65B2015861E6"
"source/witchaven/src/grpscan.h","1896","ACD24163334B27A46A2DAC8F5474C3F68CFFB5C276F0B48A2AC69AB17C79A4D0"
"source/witchaven/src/input.cpp","40087","C886CD12A5903DE25BE32EE1024FCAFC29D6C399B23970825717805D255A0AFE"
"source/witchaven/src/input.h","186","A5D7EEF9370E981D57F3E9813CE99014A8FA811CEF7C6553D9C3D5BBDB77BB8D"
"source/witchaven/src/menu.cpp","40691","7C762F989B035FAEA9B5DD46C10051003DE1E041F5451824CB6A836127D50E02"
"source/witchaven/src/menu.h","761","9A44ED6E44AAFB8FA6387A6D6B020813A1C76745AD7A07B446E82BE3553B4595"
"source/witchaven/src/names.h","12018","E15F716639E3FB50AF4125DACCD787D6D1D3D4142AF622DEC09A057EDECA1153"
"source/witchaven/src/network.cpp","75201","C379837C7B12A97296E94C3E9EB5C865D687F9D2325452924899495334284C8F"
"source/witchaven/src/network.h","342","B93B4BA6C9BC2100473CBBD753108BDA9E975E0C9938B8E543B4D8A80878F943"
"source/witchaven/src/objects.cpp","107002","380FE70EC6C8EE813253A99BB3DBC16D1FE194D1A4C6B5291747E7F4BAB8DE78"
"source/witchaven/src/objects.h","1475","99532244EEE16898DAFFE4CF01FE7AAE72DAC6B8AB34566F3A0CD0458FEF63D4"
"source/witchaven/src/osdcmds.cpp","30167","12F789C2B5F9D3525020E9989785C59D70F2F9FD794AE23752589FE9CB372F0D"
"source/witchaven/src/osdcmds.h","1282","72359DF79C950F788100483DBC6C8A9E7EA6E7547CAC04BDFADEF935726D5BF1"
"source/witchaven/src/player.cpp","169480","63BA937470B3D2A900A871AA826A442CCDB1BBF0393367DAB695E975A3478E30"
"source/witchaven/src/player.h","2573","0052A1EEF2B266696E1147F9C4FF49A65A159F34DB02089FB5201E118898D1E0"
"source/witchaven/src/sndmod.h","17702","D8EF6AF46B0B25BB7B803925BA43AC5EB537C21446CEBEBEEC66C806B7FDA9B7"
"source/witchaven/src/sound.cpp","17607","13AEF52135E41F5A0B66D1F6F98DDEF98DE48024A5CC59ACA82629DBF65A7DAC"
"source/witchaven/src/sound.h","601","32D01BDE1FCD035640FD0DC2754252FBCE1D1A2BEA349D92CB8287035A3C7D75"
"source/witchaven/src/startgtk.game.cpp","32797","A2D1A9C7C3D79BA3C489B92344723E1CF57212BBBA1A75CD48E6F928CE1865EA"
"source/witchaven/src/startwin.game.cpp","21744","92403AEFDCBC1EB1B64955B08F979BD544C85654FEAF51C51433F4020BB6D166"
"source/witchaven/src/startwin.game.h","1502","C733C2C72228B891A05CD63F204F671E817C30A3442353E709551F12FEF4D73B"
"source/witchaven/src/tags.cpp","44739","F63DA3606CB706F556184D1D484DA4116E8F52B7AFC7AC3F7EE58644EDE6A2B6"
"source/witchaven/src/tags.h","393","E36DB11EC29E5BBDC1232EDBD341860592625A192CB925683336F75DDCC82B9B"
"source/witchaven/src/view.cpp","498","BA4A3EC373C86EBB56A41CD51A387849595D2E88ED002A846C042B81EDD1A5E5"
"source/witchaven/src/view.h","193","C86D68267995E4FE8B1CE0C20CA572190714ED71AC8F9872A167507785A2CB66"
"source/witchaven/src/whdefs.h","1100","11DED2BC4768D99F31C4581F5B8AF9EE2A5080467D82B13730244178EDD9B32A"
"source/witchaven/src/witchaven.cpp","68181","33DAC4A03A29928C2DAB520CDB6294D92D145FB9008C9F466CF17EC8671EAFFB"
"source/witchaven/src/witchaven.h","4360","440C0C033AB2CC5881A217AF4BD8669291CAD833C08C3BB2729ABAAE7E6CBC98"